query_id,topic,query_text
0,harry_potter,who is hagrid and what is his role at hogwarts
1,harry_potter,what is the golden snitch and how does it end a quidditch match
2,harry_potter,who is voldemort and what are horcruxes
3,harry_potter,what is the marauders map and how does it work
4,harry_potter,who is albus dumbledore and why is he important in the wizarding world
5,harry_potter,what houses exist at hogwarts and what traits define each one
6,harry_potter,who is severus snape and what is his relationship with harry
7,harry_potter,what is quidditch and what positions do players have
8,harry_potter,who are the death eaters and what do they want
9,harry_potter,what is platform nine and three quarters and how do students get there
10,harry_potter,who is sirius black and why was he imprisoned in azkaban
11,harry_potter,what is a patronus and how is it used against dementors
12,harry_potter,who is hermione granger and what makes her a powerful witch
13,harry_potter,what is the chamber of secrets and who opened it
14,harry_potter,who is draco malfoy and what is his rivalry with harry
15,harry_potter,what are the deathly hallows and why are they legendary
16,harry_potter,who is dobby and why is he loyal to harry potter
17,harry_potter,what is azkaban and who guards the prison
18,harry_potter,who is ron weasley and what role does he play in the story
19,harry_potter,what is the triwizard tournament and what challenges are involved
