method,setup,probe_type,score_type,k,threshold,ccr,far,false_accepts,known_accept_rate,known_rejection_rate
telltail_random_ordered,setup1,random,ordered_exact_match_fraction,1,inf,0.0,0.0,0,0.0,1.0
telltail_random_ordered,setup1,random,ordered_exact_match_fraction,1,-inf,0.0,1.0,34,1.0,0.0
telltail_random_ordered,setup1,random,ordered_exact_match_fraction,1,1.0,0.0,1.0,34,1.0,0.0
telltail_random_ordered,setup1,random,ordered_exact_match_fraction,2,1.0,1.0,0.0,0,1.0,0.0
telltail_random_ordered,setup1,random,ordered_exact_match_fraction,2,inf,0.0,0.0,0,0.0,1.0
telltail_random_ordered,setup1,random,ordered_exact_match_fraction,2,0.9,1.0,0.029411764705882353,1,1.0,0.0
telltail_random_ordered,setup1,random,ordered_exact_match_fraction,2,0.85,1.0,0.23529411764705882,8,1.0,0.0
telltail_random_ordered,setup1,random,ordered_exact_match_fraction,2,0.8,1.0,0.5,17,1.0,0.0
telltail_random_ordered,setup1,random,ordered_exact_match_fraction,2,0.75,1.0,0.7058823529411765,24,1.0,0.0
telltail_random_ordered,setup1,random,ordered_exact_match_fraction,2,0.7,1.0,0.9411764705882353,32,1.0,0.0
telltail_random_ordered,setup1,random,ordered_exact_match_fraction,2,0.65,1.0,0.9705882352941176,33,1.0,0.0
telltail_random_ordered,setup1,random,ordered_exact_match_fraction,2,-inf,1.0,1.0,34,1.0,0.0
telltail_random_ordered,setup1,random,ordered_exact_match_fraction,2,0.55,1.0,1.0,34,1.0,0.0
telltail_random_ordered,setup1,random,ordered_exact_match_fraction,3,1.0,1.0,0.0,0,1.0,0.0
telltail_random_ordered,setup1,random,ordered_exact_match_fraction,3,inf,0.0,0.0,0,0.0,1.0
telltail_random_ordered,setup1,random,ordered_exact_match_fraction,3,0.7,1.0,0.029411764705882353,1,1.0,0.0
telltail_random_ordered,setup1,random,ordered_exact_match_fraction,3,0.6,1.0,0.14705882352941177,5,1.0,0.0
telltail_random_ordered,setup1,random,ordered_exact_match_fraction,3,0.55,1.0,0.38235294117647056,13,1.0,0.0
telltail_random_ordered,setup1,random,ordered_exact_match_fraction,3,0.5,1.0,0.5882352941176471,20,1.0,0.0
telltail_random_ordered,setup1,random,ordered_exact_match_fraction,3,0.45,1.0,0.7647058823529411,26,1.0,0.0
telltail_random_ordered,setup1,random,ordered_exact_match_fraction,3,0.4,1.0,0.9411764705882353,32,1.0,0.0
telltail_random_ordered,setup1,random,ordered_exact_match_fraction,3,-inf,1.0,1.0,34,1.0,0.0
telltail_random_ordered,setup1,random,ordered_exact_match_fraction,3,0.35,1.0,1.0,34,1.0,0.0
telltail_random_ordered,setup1,random,ordered_exact_match_fraction,5,1.0,1.0,0.0,0,1.0,0.0
telltail_random_ordered,setup1,random,ordered_exact_match_fraction,5,inf,0.0,0.0,0,0.0,1.0
telltail_random_ordered,setup1,random,ordered_exact_match_fraction,5,0.25,1.0,0.029411764705882353,1,1.0,0.0
telltail_random_ordered,setup1,random,ordered_exact_match_fraction,5,0.2,1.0,0.23529411764705882,8,1.0,0.0
telltail_random_ordered,setup1,random,ordered_exact_match_fraction,5,0.15,1.0,0.47058823529411764,16,1.0,0.0
telltail_random_ordered,setup1,random,ordered_exact_match_fraction,5,0.1,1.0,0.9117647058823529,31,1.0,0.0
telltail_random_ordered,setup1,random,ordered_exact_match_fraction,5,-inf,1.0,1.0,34,1.0,0.0
telltail_random_ordered,setup1,random,ordered_exact_match_fraction,5,0.05,1.0,1.0,34,1.0,0.0
telltail_random_ordered,setup1,random,ordered_exact_match_fraction,10,1.0,1.0,0.0,0,1.0,0.0
telltail_random_ordered,setup1,random,ordered_exact_match_fraction,10,inf,0.0,0.0,0,0.0,1.0
telltail_random_ordered,setup1,random,ordered_exact_match_fraction,10,0.05,1.0,0.029411764705882353,1,1.0,0.0
telltail_random_ordered,setup1,random,ordered_exact_match_fraction,10,-inf,1.0,1.0,34,1.0,0.0
telltail_random_ordered,setup1,random,ordered_exact_match_fraction,10,0.0,1.0,1.0,34,1.0,0.0
telltail_random_ordered,setup1,random,ordered_exact_match_fraction,20,1.0,1.0,0.0,0,1.0,0.0
telltail_random_ordered,setup1,random,ordered_exact_match_fraction,20,inf,0.0,0.0,0,0.0,1.0
telltail_random_ordered,setup1,random,ordered_exact_match_fraction,20,-inf,1.0,1.0,34,1.0,0.0
telltail_random_ordered,setup1,random,ordered_exact_match_fraction,20,0.0,1.0,1.0,34,1.0,0.0
telltail_random_ordered,setup1,random,ordered_exact_match_fraction,50,1.0,1.0,0.0,0,1.0,0.0
telltail_random_ordered,setup1,random,ordered_exact_match_fraction,50,inf,0.0,0.0,0,0.0,1.0
telltail_random_ordered,setup1,random,ordered_exact_match_fraction,50,-inf,1.0,1.0,34,1.0,0.0
telltail_random_ordered,setup1,random,ordered_exact_match_fraction,50,0.0,1.0,1.0,34,1.0,0.0
