setup,top_k,corpus_top_k,match_mode,query_budget,n_runs,asr_mean,asr_std,asr_sem,asr_ci95,known_acc_mean,known_acc_std,known_acc_sem,known_acc_ci95,unknown_acc_mean,unknown_acc_std,unknown_acc_sem,unknown_acc_ci95,abstain_rate_mean,abstain_rate_std,abstain_rate_sem,abstain_rate_ci95,pred_known_rate_mean,pred_known_rate_std,pred_known_rate_sem,pred_known_rate_ci95,pred_unk_rate_mean,pred_unk_rate_std,pred_unk_rate_sem,pred_unk_rate_ci95,pred_abstain_rate_mean,pred_abstain_rate_std,pred_abstain_rate_sem,pred_abstain_rate_ci95,n_total,n_known,n_unknown
setup1,1,1,ordered,1,20,0.0,0.0,0.0,0.0,0.0,0.0,0.0,0.0,0.0,0.0,0.0,0.0,1.0,0.0,0.0,0.0,0.0,0.0,0.0,0.0,0.0,0.0,0.0,0.0,1.0,0.0,0.0,0.0,53,19,34
setup1,1,1,ordered,5,100,0.014528301886792452,0.015832666886566534,0.0015832666886566535,0.003103202709767041,0.0,0.0,0.0,0.0,0.022647058823529412,0.024680333676118424,0.0024680333676118426,0.004837345400519211,0.9775471698113206,0.018905052092984178,0.0018905052092984178,0.003705390210224899,0.007924528301886793,0.011744805589671408,0.0011744805589671407,0.0023019818955755957,0.014528301886792452,0.015832666886566534,0.0015832666886566535,0.003103202709767041,0.9775471698113206,0.018905052092984178,0.0018905052092984178,0.003705390210224899,53,19,34
setup1,1,1,ordered,10,100,0.05509433962264151,0.0245319667110127,0.00245319667110127,0.0048082654753584895,0.0,0.0,0.0,0.0,0.08588235294117645,0.03824100693187273,0.003824100693187273,0.007495237358647056,0.9256603773584904,0.024257792037218267,0.0024257792037218266,0.00475452723929478,0.019245283018867923,0.018959184671535526,0.0018959184671535525,0.0037160001956209627,0.05509433962264151,0.0245319667110127,0.00245319667110127,0.0048082654753584895,0.9256603773584904,0.024257792037218267,0.0024257792037218266,0.00475452723929478,53,19,34
setup1,1,1,ordered,12,100,0.06999999999999999,0.023115395282746955,0.0023115395282746953,0.004530617475418402,0.0,0.0,0.0,0.0,0.10911764705882351,0.03603282205839966,0.003603282205839966,0.007062433123446333,0.9090566037735849,0.026053226637997445,0.0026053226637997445,0.005106432421047499,0.020943396226415098,0.0200497061142916,0.00200497061142916,0.003929742398401153,0.06999999999999999,0.023115395282746955,0.0023115395282746953,0.004530617475418402,0.9090566037735849,0.026053226637997445,0.0026053226637997445,0.005106432421047499,53,19,34
setup1,1,1,ordered,15,100,0.08924528301886793,0.019862304731025814,0.0019862304731025813,0.003893011727281059,0.0,0.0,0.0,0.0,0.13911764705882348,0.030961827963069653,0.003096182796306965,0.006068518280761651,0.8790566037735852,0.0255958054807198,0.00255958054807198,0.00501677787422108,0.031698113207547174,0.0238179830521671,0.00238179830521671,0.004668324678224751,0.08924528301886793,0.019862304731025814,0.0019862304731025813,0.003893011727281059,0.8790566037735852,0.0255958054807198,0.00255958054807198,0.00501677787422108,53,19,34
setup1,1,1,ordered,18,100,0.10773584905660377,0.009778352785200218,0.0009778352785200217,0.0019165571458992425,0.0,0.0,0.0,0.0,0.16794117647058823,0.015242726400459171,0.001524272640045917,0.0029875743744899974,0.8532075471698114,0.021882323104591105,0.0021882323104591107,0.004288935328499857,0.039056603773584914,0.018821173259170862,0.0018821173259170863,0.003688949958797489,0.10773584905660377,0.009778352785200218,0.0009778352785200217,0.0019165571458992425,0.8532075471698114,0.021882323104591105,0.0021882323104591107,0.004288935328499857,53,19,34
setup1,1,1,ordered,20,1,0.11320754716981132,0.0,0.0,0.0,0.0,0.0,0.0,0.0,0.17647058823529413,0.0,0.0,0.0,0.8301886792452831,0.0,0.0,0.0,0.05660377358490566,0.0,0.0,0.0,0.11320754716981132,0.0,0.0,0.0,0.8301886792452831,0.0,0.0,0.0,53,19,34
setup1,2,2,ordered,1,20,0.02547169811320755,0.0307756978774931,0.006881655250907056,0.013488044291777829,0.005263157894736842,0.016199658190818218,0.003622353692693079,0.007099813237678435,0.03676470588235294,0.042541504902976146,0.009512569682819525,0.018644636578326268,0.9556603773584907,0.04164237986103703,0.009311519211414702,0.018250577654372817,0.020754716981132074,0.022822842219973563,0.005103342664361309,0.010002551622148166,0.02358490566037736,0.02729077673021111,0.006102403192752148,0.011960710257794209,0.9556603773584907,0.04164237986103703,0.009311519211414702,0.018250577654372817,53,19,34
setup1,2,2,ordered,5,100,0.5181132075471698,0.08435520270657756,0.008435520270657757,0.016533619730489203,0.46894736842105267,0.12041298307801501,0.012041298307801502,0.023600944683290943,0.5455882352941177,0.0971775862823481,0.00971775862823481,0.019046806911340225,0.36150943396226415,0.08141811372132611,0.008141811372132612,0.015957950289379918,0.2884905660377359,0.06117110942545576,0.0061171109425455766,0.01198953744738933,0.3500000000000001,0.06234033836980821,0.0062340338369808205,0.012218706320482407,0.36150943396226415,0.08141811372132611,0.008141811372132612,0.015957950289379918,53,19,34
setup1,2,2,ordered,10,100,0.94,0.039082140273084376,0.003908214027308438,0.007660099493524538,0.92,0.07309707598596372,0.0073097075985963725,0.01432702689324889,0.9511764705882354,0.03697237840443377,0.003697237840443377,0.007246586167269019,0.033962264150943396,0.0296211180034045,0.00296211180034045,0.005805739128667282,0.35584905660377364,0.030813525825904395,0.0030813525825904393,0.006039451061877261,0.610188679245283,0.023718129542466937,0.002371812954246694,0.00464875339032352,0.033962264150943396,0.0296211180034045,0.00296211180034045,0.005805739128667282,53,19,34
setup1,2,2,ordered,12,100,0.9762264150943396,0.020179317030740194,0.0020179317030740193,0.003955146138025078,0.9742105263157894,0.0362603109663341,0.00362603109663341,0.007107020949401484,0.9773529411764705,0.026058051624298022,0.0026058051624298023,0.005107378118362413,0.010754716981132076,0.014992749421413454,0.0014992749421413455,0.002938578886597037,0.3622641509433963,0.02291305306977003,0.002291305306977003,0.004490958401674926,0.6269811320754717,0.016716485947662875,0.0016716485947662874,0.003276431245741923,0.010754716981132076,0.014992749421413454,0.0014992749421413455,0.002938578886597037,53,19,34
setup1,2,2,ordered,15,100,0.9967924528301886,0.008069855500103895,0.0008069855500103895,0.0015816916780203635,0.9984210526315789,0.00902350568409292,0.0009023505684092921,0.0017686071140822124,0.9958823529411766,0.011076104372838493,0.0011076104372838493,0.0021709164570763444,0.0005660377358490566,0.0032348416603351937,0.00032348416603351937,0.000634028965425698,0.36056603773584917,0.007535248828028352,0.0007535248828028352,0.0014769087702935569,0.6388679245283019,0.007105425446726579,0.0007105425446726579,0.0013926633875584093,0.0005660377358490566,0.0032348416603351937,0.00032348416603351937,0.000634028965425698,53,19,34
setup1,2,2,ordered,18,100,1.0,0.0,0.0,0.0,1.0,0.0,0.0,0.0,1.0,0.0,0.0,0.0,0.0,0.0,0.0,0.0,0.358490566037736,1.6737241846796128e-16,1.6737241846796126e-17,3.2804994019720405e-17,0.6415094339622642,1.1158161231197418e-16,1.1158161231197418e-17,2.1869996013146937e-17,0.0,0.0,0.0,0.0,53,19,34
setup1,2,2,ordered,20,1,1.0,0.0,0.0,0.0,1.0,0.0,0.0,0.0,1.0,0.0,0.0,0.0,0.0,0.0,0.0,0.0,0.3584905660377358,0.0,0.0,0.0,0.6415094339622641,0.0,0.0,0.0,0.0,0.0,0.0,0.0,53,19,34
setup1,3,3,ordered,1,20,0.12641509433962267,0.05051680598519759,0.011295901218907004,0.022139966389057728,0.08157894736842104,0.0626828859427769,0.014016319399391514,0.027471986022807367,0.15147058823529408,0.0605587712782288,0.013541352921198142,0.026541051725548357,0.8150943396226417,0.07206824443714115,0.016114949358051866,0.031585300741781654,0.08773584905660378,0.04752596428185703,0.010627128683045928,0.02082917221877002,0.09716981132075472,0.038849023084146776,0.008686905647561072,0.017026335069219703,0.8150943396226417,0.07206824443714115,0.016114949358051866,0.031585300741781654,53,19,34
setup1,3,3,ordered,5,100,0.9662264150943397,0.03025709324387567,0.003025709324387567,0.005930390275799631,0.9642105263157896,0.039499371404666396,0.00394993714046664,0.007741876795314614,0.9673529411764705,0.0346986306209733,0.00346986306209733,0.006800931601710767,0.015471698113207547,0.016396123446183342,0.0016396123446183342,0.003213640195451935,0.36396226415094346,0.019941804858508883,0.001994180485850888,0.00390859375226774,0.6205660377358491,0.022259498888926255,0.0022259498888926254,0.004362861782229546,0.015471698113207547,0.016396123446183342,0.0016396123446183342,0.003213640195451935,53,19,34
setup1,3,3,ordered,10,100,0.9998113207547169,0.0018867924528301887,0.00018867924528301886,0.00036981132075471695,0.9994736842105263,0.005263157894736851,0.0005263157894736851,0.0010315789473684227,1.0,0.0,0.0,0.0,0.00018867924528301886,0.001886792452830188,0.0001886792452830188,0.00036981132075471684,0.35830188679245295,0.0018867924528301876,0.00018867924528301875,0.00036981132075471673,0.6415094339622642,1.1158161231197418e-16,1.1158161231197418e-17,2.1869996013146937e-17,0.00018867924528301886,0.001886792452830188,0.0001886792452830188,0.00036981132075471684,53,19,34
setup1,3,3,ordered,12,100,1.0,0.0,0.0,0.0,1.0,0.0,0.0,0.0,1.0,0.0,0.0,0.0,0.0,0.0,0.0,0.0,0.358490566037736,1.6737241846796128e-16,1.6737241846796126e-17,3.2804994019720405e-17,0.6415094339622642,1.1158161231197418e-16,1.1158161231197418e-17,2.1869996013146937e-17,0.0,0.0,0.0,0.0,53,19,34
setup1,3,3,ordered,15,100,1.0,0.0,0.0,0.0,1.0,0.0,0.0,0.0,1.0,0.0,0.0,0.0,0.0,0.0,0.0,0.0,0.358490566037736,1.6737241846796128e-16,1.6737241846796126e-17,3.2804994019720405e-17,0.6415094339622642,1.1158161231197418e-16,1.1158161231197418e-17,2.1869996013146937e-17,0.0,0.0,0.0,0.0,53,19,34
setup1,3,3,ordered,18,100,1.0,0.0,0.0,0.0,1.0,0.0,0.0,0.0,1.0,0.0,0.0,0.0,0.0,0.0,0.0,0.0,0.358490566037736,1.6737241846796128e-16,1.6737241846796126e-17,3.2804994019720405e-17,0.6415094339622642,1.1158161231197418e-16,1.1158161231197418e-17,2.1869996013146937e-17,0.0,0.0,0.0,0.0,53,19,34
setup1,3,3,ordered,20,1,1.0,0.0,0.0,0.0,1.0,0.0,0.0,0.0,1.0,0.0,0.0,0.0,0.0,0.0,0.0,0.0,0.3584905660377358,0.0,0.0,0.0,0.6415094339622641,0.0,0.0,0.0,0.0,0.0,0.0,0.0,53,19,34
setup1,5,5,ordered,1,20,0.6150943396226414,0.14773146714855634,0.0330337602959949,0.06474617018015,0.5736842105263158,0.2048401066939653,0.04580364030860161,0.08977513500485915,0.638235294117647,0.12408837123369992,0.027747003329578246,0.05438412652597336,0.28301886792452835,0.13369695534647594,0.029895548053947413,0.05859527418573693,0.30754716981132074,0.06305507109637479,0.014099542529757621,0.027635103358324937,0.40943396226415096,0.07960386079143016,0.017799964400106803,0.034887930224209336,0.28301886792452835,0.13369695534647594,0.029895548053947413,0.05859527418573693,53,19,34
setup1,5,5,ordered,5,100,1.0,0.0,0.0,0.0,1.0,0.0,0.0,0.0,1.0,0.0,0.0,0.0,0.0,0.0,0.0,0.0,0.358490566037736,1.6737241846796128e-16,1.6737241846796126e-17,3.2804994019720405e-17,0.6415094339622642,1.1158161231197418e-16,1.1158161231197418e-17,2.1869996013146937e-17,0.0,0.0,0.0,0.0,53,19,34
setup1,5,5,ordered,10,100,1.0,0.0,0.0,0.0,1.0,0.0,0.0,0.0,1.0,0.0,0.0,0.0,0.0,0.0,0.0,0.0,0.358490566037736,1.6737241846796128e-16,1.6737241846796126e-17,3.2804994019720405e-17,0.6415094339622642,1.1158161231197418e-16,1.1158161231197418e-17,2.1869996013146937e-17,0.0,0.0,0.0,0.0,53,19,34
setup1,5,5,ordered,12,100,1.0,0.0,0.0,0.0,1.0,0.0,0.0,0.0,1.0,0.0,0.0,0.0,0.0,0.0,0.0,0.0,0.358490566037736,1.6737241846796128e-16,1.6737241846796126e-17,3.2804994019720405e-17,0.6415094339622642,1.1158161231197418e-16,1.1158161231197418e-17,2.1869996013146937e-17,0.0,0.0,0.0,0.0,53,19,34
setup1,5,5,ordered,15,100,1.0,0.0,0.0,0.0,1.0,0.0,0.0,0.0,1.0,0.0,0.0,0.0,0.0,0.0,0.0,0.0,0.358490566037736,1.6737241846796128e-16,1.6737241846796126e-17,3.2804994019720405e-17,0.6415094339622642,1.1158161231197418e-16,1.1158161231197418e-17,2.1869996013146937e-17,0.0,0.0,0.0,0.0,53,19,34
setup1,5,5,ordered,18,100,1.0,0.0,0.0,0.0,1.0,0.0,0.0,0.0,1.0,0.0,0.0,0.0,0.0,0.0,0.0,0.0,0.358490566037736,1.6737241846796128e-16,1.6737241846796126e-17,3.2804994019720405e-17,0.6415094339622642,1.1158161231197418e-16,1.1158161231197418e-17,2.1869996013146937e-17,0.0,0.0,0.0,0.0,53,19,34
setup1,5,5,ordered,20,1,1.0,0.0,0.0,0.0,1.0,0.0,0.0,0.0,1.0,0.0,0.0,0.0,0.0,0.0,0.0,0.0,0.3584905660377358,0.0,0.0,0.0,0.6415094339622641,0.0,0.0,0.0,0.0,0.0,0.0,0.0,53,19,34
setup1,10,10,ordered,1,20,0.999056603773585,0.004218996183961867,0.0009433962264150941,0.0018490566037735845,0.9973684210526315,0.011768778828946273,0.0026315789473684236,0.0051578947368421104,1.0,0.0,0.0,0.0,0.0009433962264150943,0.004218996183961867,0.0009433962264150941,0.0018490566037735845,0.35754716981132073,0.004218996183961867,0.0009433962264150941,0.0018490566037735845,0.6415094339622642,1.1390647892519134e-16,2.54702629954375e-17,4.99217154710575e-17,0.0009433962264150943,0.004218996183961867,0.0009433962264150941,0.0018490566037735845,53,19,34
setup1,10,10,ordered,5,100,1.0,0.0,0.0,0.0,1.0,0.0,0.0,0.0,1.0,0.0,0.0,0.0,0.0,0.0,0.0,0.0,0.358490566037736,1.6737241846796128e-16,1.6737241846796126e-17,3.2804994019720405e-17,0.6415094339622642,1.1158161231197418e-16,1.1158161231197418e-17,2.1869996013146937e-17,0.0,0.0,0.0,0.0,53,19,34
setup1,10,10,ordered,10,100,1.0,0.0,0.0,0.0,1.0,0.0,0.0,0.0,1.0,0.0,0.0,0.0,0.0,0.0,0.0,0.0,0.358490566037736,1.6737241846796128e-16,1.6737241846796126e-17,3.2804994019720405e-17,0.6415094339622642,1.1158161231197418e-16,1.1158161231197418e-17,2.1869996013146937e-17,0.0,0.0,0.0,0.0,53,19,34
setup1,10,10,ordered,12,100,1.0,0.0,0.0,0.0,1.0,0.0,0.0,0.0,1.0,0.0,0.0,0.0,0.0,0.0,0.0,0.0,0.358490566037736,1.6737241846796128e-16,1.6737241846796126e-17,3.2804994019720405e-17,0.6415094339622642,1.1158161231197418e-16,1.1158161231197418e-17,2.1869996013146937e-17,0.0,0.0,0.0,0.0,53,19,34
setup1,10,10,ordered,15,100,1.0,0.0,0.0,0.0,1.0,0.0,0.0,0.0,1.0,0.0,0.0,0.0,0.0,0.0,0.0,0.0,0.358490566037736,1.6737241846796128e-16,1.6737241846796126e-17,3.2804994019720405e-17,0.6415094339622642,1.1158161231197418e-16,1.1158161231197418e-17,2.1869996013146937e-17,0.0,0.0,0.0,0.0,53,19,34
setup1,10,10,ordered,18,100,1.0,0.0,0.0,0.0,1.0,0.0,0.0,0.0,1.0,0.0,0.0,0.0,0.0,0.0,0.0,0.0,0.358490566037736,1.6737241846796128e-16,1.6737241846796126e-17,3.2804994019720405e-17,0.6415094339622642,1.1158161231197418e-16,1.1158161231197418e-17,2.1869996013146937e-17,0.0,0.0,0.0,0.0,53,19,34
setup1,10,10,ordered,20,1,1.0,0.0,0.0,0.0,1.0,0.0,0.0,0.0,1.0,0.0,0.0,0.0,0.0,0.0,0.0,0.0,0.3584905660377358,0.0,0.0,0.0,0.6415094339622641,0.0,0.0,0.0,0.0,0.0,0.0,0.0,53,19,34
setup1,20,20,ordered,1,20,1.0,0.0,0.0,0.0,1.0,0.0,0.0,0.0,1.0,0.0,0.0,0.0,0.0,0.0,0.0,0.0,0.35849056603773577,5.695323946259567e-17,1.273513149771875e-17,2.496085773552875e-17,0.6415094339622642,1.1390647892519134e-16,2.54702629954375e-17,4.99217154710575e-17,0.0,0.0,0.0,0.0,53,19,34
setup1,20,20,ordered,5,100,1.0,0.0,0.0,0.0,1.0,0.0,0.0,0.0,1.0,0.0,0.0,0.0,0.0,0.0,0.0,0.0,0.358490566037736,1.6737241846796128e-16,1.6737241846796126e-17,3.2804994019720405e-17,0.6415094339622642,1.1158161231197418e-16,1.1158161231197418e-17,2.1869996013146937e-17,0.0,0.0,0.0,0.0,53,19,34
setup1,20,20,ordered,10,100,1.0,0.0,0.0,0.0,1.0,0.0,0.0,0.0,1.0,0.0,0.0,0.0,0.0,0.0,0.0,0.0,0.358490566037736,1.6737241846796128e-16,1.6737241846796126e-17,3.2804994019720405e-17,0.6415094339622642,1.1158161231197418e-16,1.1158161231197418e-17,2.1869996013146937e-17,0.0,0.0,0.0,0.0,53,19,34
setup1,20,20,ordered,12,100,1.0,0.0,0.0,0.0,1.0,0.0,0.0,0.0,1.0,0.0,0.0,0.0,0.0,0.0,0.0,0.0,0.358490566037736,1.6737241846796128e-16,1.6737241846796126e-17,3.2804994019720405e-17,0.6415094339622642,1.1158161231197418e-16,1.1158161231197418e-17,2.1869996013146937e-17,0.0,0.0,0.0,0.0,53,19,34
setup1,20,20,ordered,15,100,1.0,0.0,0.0,0.0,1.0,0.0,0.0,0.0,1.0,0.0,0.0,0.0,0.0,0.0,0.0,0.0,0.358490566037736,1.6737241846796128e-16,1.6737241846796126e-17,3.2804994019720405e-17,0.6415094339622642,1.1158161231197418e-16,1.1158161231197418e-17,2.1869996013146937e-17,0.0,0.0,0.0,0.0,53,19,34
setup1,20,20,ordered,18,100,1.0,0.0,0.0,0.0,1.0,0.0,0.0,0.0,1.0,0.0,0.0,0.0,0.0,0.0,0.0,0.0,0.358490566037736,1.6737241846796128e-16,1.6737241846796126e-17,3.2804994019720405e-17,0.6415094339622642,1.1158161231197418e-16,1.1158161231197418e-17,2.1869996013146937e-17,0.0,0.0,0.0,0.0,53,19,34
setup1,20,20,ordered,20,1,1.0,0.0,0.0,0.0,1.0,0.0,0.0,0.0,1.0,0.0,0.0,0.0,0.0,0.0,0.0,0.0,0.3584905660377358,0.0,0.0,0.0,0.6415094339622641,0.0,0.0,0.0,0.0,0.0,0.0,0.0,53,19,34
setup1,50,50,ordered,1,20,1.0,0.0,0.0,0.0,1.0,0.0,0.0,0.0,1.0,0.0,0.0,0.0,0.0,0.0,0.0,0.0,0.35849056603773577,5.695323946259567e-17,1.273513149771875e-17,2.496085773552875e-17,0.6415094339622642,1.1390647892519134e-16,2.54702629954375e-17,4.99217154710575e-17,0.0,0.0,0.0,0.0,53,19,34
setup1,50,50,ordered,5,100,1.0,0.0,0.0,0.0,1.0,0.0,0.0,0.0,1.0,0.0,0.0,0.0,0.0,0.0,0.0,0.0,0.358490566037736,1.6737241846796128e-16,1.6737241846796126e-17,3.2804994019720405e-17,0.6415094339622642,1.1158161231197418e-16,1.1158161231197418e-17,2.1869996013146937e-17,0.0,0.0,0.0,0.0,53,19,34
setup1,50,50,ordered,10,100,1.0,0.0,0.0,0.0,1.0,0.0,0.0,0.0,1.0,0.0,0.0,0.0,0.0,0.0,0.0,0.0,0.358490566037736,1.6737241846796128e-16,1.6737241846796126e-17,3.2804994019720405e-17,0.6415094339622642,1.1158161231197418e-16,1.1158161231197418e-17,2.1869996013146937e-17,0.0,0.0,0.0,0.0,53,19,34
setup1,50,50,ordered,12,100,1.0,0.0,0.0,0.0,1.0,0.0,0.0,0.0,1.0,0.0,0.0,0.0,0.0,0.0,0.0,0.0,0.358490566037736,1.6737241846796128e-16,1.6737241846796126e-17,3.2804994019720405e-17,0.6415094339622642,1.1158161231197418e-16,1.1158161231197418e-17,2.1869996013146937e-17,0.0,0.0,0.0,0.0,53,19,34
setup1,50,50,ordered,15,100,1.0,0.0,0.0,0.0,1.0,0.0,0.0,0.0,1.0,0.0,0.0,0.0,0.0,0.0,0.0,0.0,0.358490566037736,1.6737241846796128e-16,1.6737241846796126e-17,3.2804994019720405e-17,0.6415094339622642,1.1158161231197418e-16,1.1158161231197418e-17,2.1869996013146937e-17,0.0,0.0,0.0,0.0,53,19,34
setup1,50,50,ordered,18,100,1.0,0.0,0.0,0.0,1.0,0.0,0.0,0.0,1.0,0.0,0.0,0.0,0.0,0.0,0.0,0.0,0.358490566037736,1.6737241846796128e-16,1.6737241846796126e-17,3.2804994019720405e-17,0.6415094339622642,1.1158161231197418e-16,1.1158161231197418e-17,2.1869996013146937e-17,0.0,0.0,0.0,0.0,53,19,34
setup1,50,50,ordered,20,1,1.0,0.0,0.0,0.0,1.0,0.0,0.0,0.0,1.0,0.0,0.0,0.0,0.0,0.0,0.0,0.0,0.3584905660377358,0.0,0.0,0.0,0.6415094339622641,0.0,0.0,0.0,0.0,0.0,0.0,0.0,53,19,34
