method,setup,k,threshold,ccr,far,false_accepts,known_accept_rate
optimization_fingerprinting,setup2,1,inf,0.0,0.0,0,0.0
optimization_fingerprinting,setup2,1,0.95,0.0,0.0,0,0.0
optimization_fingerprinting,setup2,1,0.9,0.10526315789473684,0.0,0,0.10526315789473684
optimization_fingerprinting,setup2,1,0.85,0.3684210526315789,0.0,0,0.3684210526315789
optimization_fingerprinting,setup2,1,0.8,0.47368421052631576,0.0,0,0.47368421052631576
optimization_fingerprinting,setup2,1,0.75,0.5789473684210527,0.0,0,0.5789473684210527
optimization_fingerprinting,setup2,1,0.7,0.6842105263157895,0.029411764705882353,1,0.6842105263157895
optimization_fingerprinting,setup2,1,0.65,0.7368421052631579,0.058823529411764705,2,0.7368421052631579
optimization_fingerprinting,setup2,1,0.45,0.7894736842105263,0.058823529411764705,2,0.7894736842105263
optimization_fingerprinting,setup2,1,0.4,0.8421052631578947,0.058823529411764705,2,0.8421052631578947
optimization_fingerprinting,setup2,1,0.35,0.9473684210526315,0.058823529411764705,2,0.9473684210526315
optimization_fingerprinting,setup2,1,0.3,1.0,0.058823529411764705,2,1.0
optimization_fingerprinting,setup2,1,0.25,1.0,0.11764705882352941,4,1.0
optimization_fingerprinting,setup2,1,0.2,1.0,0.23529411764705882,8,1.0
optimization_fingerprinting,setup2,1,0.15,1.0,0.38235294117647056,13,1.0
optimization_fingerprinting,setup2,1,0.1,1.0,0.5588235294117647,19,1.0
optimization_fingerprinting,setup2,1,0.05,1.0,0.7647058823529411,26,1.0
optimization_fingerprinting,setup2,1,-inf,1.0,1.0,34,1.0
optimization_fingerprinting,setup2,2,inf,0.0,0.0,0,0.0
optimization_fingerprinting,setup2,2,1.0,0.0,0.0,0,0.0
optimization_fingerprinting,setup2,2,0.95,0.15789473684210525,0.0,0,0.15789473684210525
optimization_fingerprinting,setup2,2,0.9,0.5263157894736842,0.029411764705882353,1,0.5263157894736842
optimization_fingerprinting,setup2,2,0.85,0.631578947368421,0.029411764705882353,1,0.631578947368421
optimization_fingerprinting,setup2,2,0.8,0.7368421052631579,0.058823529411764705,2,0.7368421052631579
optimization_fingerprinting,setup2,2,0.65,0.7894736842105263,0.058823529411764705,2,0.7894736842105263
optimization_fingerprinting,setup2,2,0.55,0.8421052631578947,0.058823529411764705,2,0.8421052631578947
optimization_fingerprinting,setup2,2,0.5,0.8947368421052632,0.058823529411764705,2,0.8947368421052632
optimization_fingerprinting,setup2,2,0.4,0.9473684210526315,0.058823529411764705,2,0.9473684210526315
optimization_fingerprinting,setup2,2,0.35,1.0,0.08823529411764706,3,1.0
optimization_fingerprinting,setup2,2,0.3,1.0,0.17647058823529413,6,1.0
optimization_fingerprinting,setup2,2,0.25,1.0,0.23529411764705882,8,1.0
optimization_fingerprinting,setup2,2,0.2,1.0,0.35294117647058826,12,1.0
optimization_fingerprinting,setup2,2,0.15,1.0,0.4411764705882353,15,1.0
optimization_fingerprinting,setup2,2,0.1,1.0,0.6764705882352942,23,1.0
optimization_fingerprinting,setup2,2,0.05,1.0,0.8529411764705882,29,1.0
optimization_fingerprinting,setup2,2,-inf,1.0,1.0,34,1.0
optimization_fingerprinting,setup2,3,inf,0.0,0.0,0,0.0
optimization_fingerprinting,setup2,3,1.0,0.0,0.0,0,0.0
optimization_fingerprinting,setup2,3,0.95,0.42105263157894735,0.029411764705882353,1,0.42105263157894735
optimization_fingerprinting,setup2,3,0.9,0.631578947368421,0.029411764705882353,1,0.631578947368421
optimization_fingerprinting,setup2,3,0.85,0.6842105263157895,0.058823529411764705,2,0.6842105263157895
optimization_fingerprinting,setup2,3,0.8,0.7368421052631579,0.058823529411764705,2,0.7368421052631579
optimization_fingerprinting,setup2,3,0.65,0.8421052631578947,0.058823529411764705,2,0.8421052631578947
optimization_fingerprinting,setup2,3,0.55,0.8947368421052632,0.058823529411764705,2,0.8947368421052632
optimization_fingerprinting,setup2,3,0.5,0.9473684210526315,0.058823529411764705,2,0.9473684210526315
optimization_fingerprinting,setup2,3,0.45,0.9473684210526315,0.08823529411764706,3,0.9473684210526315
optimization_fingerprinting,setup2,3,0.35,1.0,0.11764705882352941,4,1.0
optimization_fingerprinting,setup2,3,0.3,1.0,0.20588235294117646,7,1.0
optimization_fingerprinting,setup2,3,0.2,1.0,0.4411764705882353,15,1.0
optimization_fingerprinting,setup2,3,0.15,1.0,0.5294117647058824,18,1.0
optimization_fingerprinting,setup2,3,0.1,1.0,0.7058823529411765,24,1.0
optimization_fingerprinting,setup2,3,0.05,1.0,0.8529411764705882,29,1.0
optimization_fingerprinting,setup2,3,-inf,1.0,1.0,34,1.0
optimization_fingerprinting,setup2,4,inf,0.0,0.0,0,0.0
optimization_fingerprinting,setup2,4,1.0,0.0,0.0,0,0.0
optimization_fingerprinting,setup2,4,0.95,0.47368421052631576,0.029411764705882353,1,0.47368421052631576
optimization_fingerprinting,setup2,4,0.9,0.631578947368421,0.029411764705882353,1,0.631578947368421
optimization_fingerprinting,setup2,4,0.85,0.7368421052631579,0.058823529411764705,2,0.7368421052631579
optimization_fingerprinting,setup2,4,0.8,0.7894736842105263,0.058823529411764705,2,0.7894736842105263
optimization_fingerprinting,setup2,4,0.65,0.8421052631578947,0.058823529411764705,2,0.8421052631578947
optimization_fingerprinting,setup2,4,0.55,0.8947368421052632,0.058823529411764705,2,0.8947368421052632
optimization_fingerprinting,setup2,4,0.5,0.9473684210526315,0.08823529411764706,3,0.9473684210526315
optimization_fingerprinting,setup2,4,0.45,0.9473684210526315,0.11764705882352941,4,0.9473684210526315
optimization_fingerprinting,setup2,4,0.35,1.0,0.14705882352941177,5,1.0
optimization_fingerprinting,setup2,4,0.3,1.0,0.35294117647058826,12,1.0
optimization_fingerprinting,setup2,4,0.2,1.0,0.4411764705882353,15,1.0
optimization_fingerprinting,setup2,4,0.15,1.0,0.5882352941176471,20,1.0
optimization_fingerprinting,setup2,4,0.1,1.0,0.7352941176470589,25,1.0
optimization_fingerprinting,setup2,4,0.05,1.0,0.8823529411764706,30,1.0
optimization_fingerprinting,setup2,4,-inf,1.0,1.0,34,1.0
optimization_fingerprinting,setup2,5,inf,0.0,0.0,0,0.0
optimization_fingerprinting,setup2,5,1.0,0.0,0.0,0,0.0
optimization_fingerprinting,setup2,5,0.95,0.47368421052631576,0.029411764705882353,1,0.47368421052631576
optimization_fingerprinting,setup2,5,0.9,0.631578947368421,0.029411764705882353,1,0.631578947368421
optimization_fingerprinting,setup2,5,0.85,0.7368421052631579,0.058823529411764705,2,0.7368421052631579
optimization_fingerprinting,setup2,5,0.8,0.7894736842105263,0.058823529411764705,2,0.7894736842105263
optimization_fingerprinting,setup2,5,0.7,0.8421052631578947,0.058823529411764705,2,0.8421052631578947
optimization_fingerprinting,setup2,5,0.65,0.8947368421052632,0.058823529411764705,2,0.8947368421052632
optimization_fingerprinting,setup2,5,0.6,0.9473684210526315,0.058823529411764705,2,0.9473684210526315
optimization_fingerprinting,setup2,5,0.55,0.9473684210526315,0.08823529411764706,3,0.9473684210526315
optimization_fingerprinting,setup2,5,0.45,0.9473684210526315,0.11764705882352941,4,0.9473684210526315
optimization_fingerprinting,setup2,5,0.4,1.0,0.14705882352941177,5,1.0
optimization_fingerprinting,setup2,5,0.35,1.0,0.17647058823529413,6,1.0
optimization_fingerprinting,setup2,5,0.3,1.0,0.35294117647058826,12,1.0
optimization_fingerprinting,setup2,5,0.25,1.0,0.4411764705882353,15,1.0
optimization_fingerprinting,setup2,5,0.2,1.0,0.47058823529411764,16,1.0
optimization_fingerprinting,setup2,5,0.15,1.0,0.6470588235294118,22,1.0
optimization_fingerprinting,setup2,5,0.1,1.0,0.7647058823529411,26,1.0
optimization_fingerprinting,setup2,5,0.05,1.0,0.9117647058823529,31,1.0
optimization_fingerprinting,setup2,5,-inf,1.0,1.0,34,1.0
optimization_fingerprinting,setup2,10,inf,0.0,0.0,0,0.0
optimization_fingerprinting,setup2,10,1.0,0.0,0.0,0,0.0
optimization_fingerprinting,setup2,10,0.95,0.631578947368421,0.058823529411764705,2,0.631578947368421
optimization_fingerprinting,setup2,10,0.9,0.7368421052631579,0.058823529411764705,2,0.7368421052631579
optimization_fingerprinting,setup2,10,0.8,0.7894736842105263,0.058823529411764705,2,0.7894736842105263
optimization_fingerprinting,setup2,10,0.7,0.8947368421052632,0.058823529411764705,2,0.8947368421052632
optimization_fingerprinting,setup2,10,0.6,0.9473684210526315,0.08823529411764706,3,0.9473684210526315
optimization_fingerprinting,setup2,10,0.55,0.9473684210526315,0.11764705882352941,4,0.9473684210526315
optimization_fingerprinting,setup2,10,0.5,1.0,0.11764705882352941,4,1.0
optimization_fingerprinting,setup2,10,0.45,1.0,0.14705882352941177,5,1.0
optimization_fingerprinting,setup2,10,0.4,1.0,0.23529411764705882,8,1.0
optimization_fingerprinting,setup2,10,0.35,1.0,0.38235294117647056,13,1.0
optimization_fingerprinting,setup2,10,0.3,1.0,0.4117647058823529,14,1.0
optimization_fingerprinting,setup2,10,0.25,1.0,0.5294117647058824,18,1.0
optimization_fingerprinting,setup2,10,0.2,1.0,0.6176470588235294,21,1.0
optimization_fingerprinting,setup2,10,0.15,1.0,0.7647058823529411,26,1.0
optimization_fingerprinting,setup2,10,0.1,1.0,0.9117647058823529,31,1.0
optimization_fingerprinting,setup2,10,0.05,1.0,0.9705882352941176,33,1.0
optimization_fingerprinting,setup2,10,-inf,1.0,1.0,34,1.0
optimization_fingerprinting,setup2,20,inf,0.0,0.0,0,0.0
optimization_fingerprinting,setup2,20,1.0,0.0,0.0,0,0.0
optimization_fingerprinting,setup2,20,0.95,0.7368421052631579,0.058823529411764705,2,0.7368421052631579
optimization_fingerprinting,setup2,20,0.8,0.8421052631578947,0.058823529411764705,2,0.8421052631578947
optimization_fingerprinting,setup2,20,0.75,0.8947368421052632,0.058823529411764705,2,0.8947368421052632
optimization_fingerprinting,setup2,20,0.7,0.9473684210526315,0.058823529411764705,2,0.9473684210526315
optimization_fingerprinting,setup2,20,0.65,0.9473684210526315,0.08823529411764706,3,0.9473684210526315
optimization_fingerprinting,setup2,20,0.6,0.9473684210526315,0.11764705882352941,4,0.9473684210526315
optimization_fingerprinting,setup2,20,0.55,0.9473684210526315,0.17647058823529413,6,0.9473684210526315
optimization_fingerprinting,setup2,20,0.5,1.0,0.23529411764705882,8,1.0
optimization_fingerprinting,setup2,20,0.45,1.0,0.2647058823529412,9,1.0
optimization_fingerprinting,setup2,20,0.4,1.0,0.4411764705882353,15,1.0
optimization_fingerprinting,setup2,20,0.35,1.0,0.5,17,1.0
optimization_fingerprinting,setup2,20,0.3,1.0,0.5882352941176471,20,1.0
optimization_fingerprinting,setup2,20,0.25,1.0,0.6176470588235294,21,1.0
optimization_fingerprinting,setup2,20,0.2,1.0,0.6470588235294118,22,1.0
optimization_fingerprinting,setup2,20,0.15,1.0,0.8529411764705882,29,1.0
optimization_fingerprinting,setup2,20,0.05,1.0,0.9705882352941176,33,1.0
optimization_fingerprinting,setup2,20,-inf,1.0,1.0,34,1.0
optimization_fingerprinting,setup2,50,inf,0.0,0.0,0,0.0
optimization_fingerprinting,setup2,50,1.0,0.0,0.0,0,0.0
optimization_fingerprinting,setup2,50,0.95,0.7894736842105263,0.058823529411764705,2,0.7894736842105263
optimization_fingerprinting,setup2,50,0.9,0.8421052631578947,0.058823529411764705,2,0.8421052631578947
optimization_fingerprinting,setup2,50,0.85,0.8421052631578947,0.11764705882352941,4,0.8421052631578947
optimization_fingerprinting,setup2,50,0.8,0.8947368421052632,0.11764705882352941,4,0.8947368421052632
optimization_fingerprinting,setup2,50,0.7,0.9473684210526315,0.14705882352941177,5,0.9473684210526315
optimization_fingerprinting,setup2,50,0.65,1.0,0.17647058823529413,6,1.0
optimization_fingerprinting,setup2,50,0.6,1.0,0.20588235294117646,7,1.0
optimization_fingerprinting,setup2,50,0.55,1.0,0.35294117647058826,12,1.0
optimization_fingerprinting,setup2,50,0.5,1.0,0.38235294117647056,13,1.0
optimization_fingerprinting,setup2,50,0.45,1.0,0.4117647058823529,14,1.0
optimization_fingerprinting,setup2,50,0.4,1.0,0.5,17,1.0
optimization_fingerprinting,setup2,50,0.35,1.0,0.5882352941176471,20,1.0
optimization_fingerprinting,setup2,50,0.3,1.0,0.6764705882352942,23,1.0
optimization_fingerprinting,setup2,50,0.25,1.0,0.7647058823529411,26,1.0
optimization_fingerprinting,setup2,50,0.2,1.0,0.8823529411764706,30,1.0
optimization_fingerprinting,setup2,50,0.15,1.0,0.9705882352941176,33,1.0
optimization_fingerprinting,setup2,50,-inf,1.0,1.0,34,1.0
