method,setup,probe_type,k,threshold,ccr,far,false_accepts,known_accept_rate
ro_topic,baseline,topic,1,inf,0.0,0.0,0,0.0
ro_topic,baseline,topic,1,1.0,0.0,0.8235294117647058,28,1.0
ro_topic,baseline,topic,1,0.95,0.0,0.8823529411764706,30,1.0
ro_topic,baseline,topic,1,0.9,0.0,0.9705882352941176,33,1.0
ro_topic,baseline,topic,1,0.55,0.0,1.0,34,1.0
ro_topic,baseline,topic,1,-inf,0.0,1.0,34,1.0
ro_topic,baseline,topic,2,inf,0.0,0.0,0,0.0
ro_topic,baseline,topic,2,1.0,0.05263157894736842,0.6470588235294118,22,1.0
ro_topic,baseline,topic,2,0.9666666666666668,0.05263157894736842,0.7352941176470589,25,1.0
ro_topic,baseline,topic,2,0.9666666666666666,0.05263157894736842,0.7647058823529411,26,1.0
ro_topic,baseline,topic,2,0.9333333333333333,0.05263157894736842,0.8235294117647058,28,1.0
ro_topic,baseline,topic,2,0.9333333333333332,0.05263157894736842,0.8529411764705882,29,1.0
ro_topic,baseline,topic,2,0.9,0.05263157894736842,0.8823529411764706,30,1.0
ro_topic,baseline,topic,2,0.8666666666666668,0.05263157894736842,0.9117647058823529,31,1.0
ro_topic,baseline,topic,2,0.8333333333333334,0.05263157894736842,0.9411764705882353,32,1.0
ro_topic,baseline,topic,2,0.8,0.05263157894736842,0.9705882352941176,33,1.0
ro_topic,baseline,topic,2,0.55,0.05263157894736842,1.0,34,1.0
ro_topic,baseline,topic,2,-inf,0.05263157894736842,1.0,34,1.0
ro_topic,baseline,topic,3,inf,0.0,0.0,0,0.0
ro_topic,baseline,topic,3,1.0,0.6842105263157895,0.29411764705882354,10,1.0
ro_topic,baseline,topic,3,0.975,0.6842105263157895,0.6470588235294118,22,1.0
ro_topic,baseline,topic,3,0.95,0.6842105263157895,0.7058823529411765,24,1.0
ro_topic,baseline,topic,3,0.9349999999999999,0.6842105263157895,0.7352941176470589,25,1.0
ro_topic,baseline,topic,3,0.925,0.6842105263157895,0.7647058823529411,26,1.0
ro_topic,baseline,topic,3,0.9099999999999999,0.6842105263157895,0.8235294117647058,28,1.0
ro_topic,baseline,topic,3,0.9,0.6842105263157895,0.8529411764705882,29,1.0
ro_topic,baseline,topic,3,0.875,0.6842105263157895,0.8823529411764706,30,1.0
ro_topic,baseline,topic,3,0.7949999999999999,0.6842105263157895,0.9117647058823529,31,1.0
ro_topic,baseline,topic,3,0.76,0.6842105263157895,0.9411764705882353,32,1.0
ro_topic,baseline,topic,3,0.7549999999999999,0.6842105263157895,0.9705882352941176,33,1.0
ro_topic,baseline,topic,3,0.475,0.6842105263157895,1.0,34,1.0
ro_topic,baseline,topic,3,-inf,0.6842105263157895,1.0,34,1.0
ro_topic,baseline,topic,4,inf,0.0,0.0,0,0.0
ro_topic,baseline,topic,4,1.0,0.8947368421052632,0.058823529411764705,2,1.0
ro_topic,baseline,topic,4,0.9800000000000001,0.8947368421052632,0.35294117647058826,12,1.0
ro_topic,baseline,topic,4,0.9666666666666668,0.8947368421052632,0.4117647058823529,14,1.0
ro_topic,baseline,topic,4,0.9600000000000002,0.8947368421052632,0.5294117647058824,18,1.0
ro_topic,baseline,topic,4,0.9466666666666667,0.8947368421052632,0.5588235294117647,19,1.0
ro_topic,baseline,topic,4,0.9400000000000001,0.8947368421052632,0.6176470588235294,21,1.0
ro_topic,baseline,topic,4,0.937142857142857,0.8947368421052632,0.6470588235294118,22,1.0
ro_topic,baseline,topic,4,0.9266666666666667,0.8947368421052632,0.6764705882352942,23,1.0
ro_topic,baseline,topic,4,0.9266666666666665,0.8947368421052632,0.7352941176470589,25,1.0
ro_topic,baseline,topic,4,0.9199999999999999,0.8947368421052632,0.7647058823529411,26,1.0
ro_topic,baseline,topic,4,0.9066666666666666,0.8947368421052632,0.7941176470588235,27,1.0
ro_topic,baseline,topic,4,0.8838095238095238,0.8947368421052632,0.8235294117647058,28,1.0
ro_topic,baseline,topic,4,0.8438095238095237,0.8947368421052632,0.8529411764705882,29,1.0
ro_topic,baseline,topic,4,0.8333333333333333,0.8947368421052632,0.8823529411764706,30,1.0
ro_topic,baseline,topic,4,0.8038095238095238,0.8947368421052632,0.9117647058823529,31,1.0
ro_topic,baseline,topic,4,0.7438095238095237,0.8947368421052632,0.9411764705882353,32,1.0
ro_topic,baseline,topic,4,0.6971428571428571,0.8947368421052632,0.9705882352941176,33,1.0
ro_topic,baseline,topic,4,0.4504761904761905,0.8947368421052632,1.0,34,1.0
ro_topic,baseline,topic,4,-inf,0.8947368421052632,1.0,34,1.0
ro_topic,baseline,topic,5,inf,0.0,0.0,0,0.0
ro_topic,baseline,topic,5,1.0,0.9473684210526315,0.058823529411764705,2,1.0
ro_topic,baseline,topic,5,0.9833333333333334,0.9473684210526315,0.08823529411764706,3,1.0
ro_topic,baseline,topic,5,0.9833333333333332,0.9473684210526315,0.11764705882352941,4,1.0
ro_topic,baseline,topic,5,0.9714285714285715,0.9473684210526315,0.14705882352941177,5,1.0
ro_topic,baseline,topic,5,0.9714285714285713,0.9473684210526315,0.20588235294117646,7,1.0
ro_topic,baseline,topic,5,0.9666666666666666,0.9473684210526315,0.3235294117647059,11,1.0
ro_topic,baseline,topic,5,0.9547619047619049,0.9473684210526315,0.35294117647058826,12,1.0
ro_topic,baseline,topic,5,0.9547619047619047,0.9473684210526315,0.4117647058823529,14,1.0
ro_topic,baseline,topic,5,0.9547619047619046,0.9473684210526315,0.4411764705882353,15,1.0
ro_topic,baseline,topic,5,0.95,0.9473684210526315,0.5,17,1.0
ro_topic,baseline,topic,5,0.9458333333333332,0.9473684210526315,0.5294117647058824,18,1.0
ro_topic,baseline,topic,5,0.9333333333333332,0.9473684210526315,0.5588235294117647,19,1.0
ro_topic,baseline,topic,5,0.9291666666666666,0.9473684210526315,0.5882352941176471,20,1.0
ro_topic,baseline,topic,5,0.9261904761904761,0.9473684210526315,0.6470588235294118,22,1.0
ro_topic,baseline,topic,5,0.9172619047619047,0.9473684210526315,0.6764705882352942,23,1.0
ro_topic,baseline,topic,5,0.9166666666666666,0.9473684210526315,0.7058823529411765,24,1.0
ro_topic,baseline,topic,5,0.9047619047619048,0.9473684210526315,0.7352941176470589,25,1.0
ro_topic,baseline,topic,5,0.8886904761904763,0.9473684210526315,0.7647058823529411,26,1.0
ro_topic,baseline,topic,5,0.8839285714285714,0.9473684210526315,0.7941176470588235,27,1.0
ro_topic,baseline,topic,5,0.875,0.9473684210526315,0.8235294117647058,28,1.0
ro_topic,baseline,topic,5,0.8023809523809524,0.9473684210526315,0.8529411764705882,29,1.0
ro_topic,baseline,topic,5,0.793452380952381,0.9473684210526315,0.8823529411764706,30,1.0
ro_topic,baseline,topic,5,0.788690476190476,0.9473684210526315,0.9117647058823529,31,1.0
ro_topic,baseline,topic,5,0.7365079365079364,0.9473684210526315,0.9411764705882353,32,1.0
ro_topic,baseline,topic,5,0.6863095238095237,0.9473684210526315,0.9705882352941176,33,1.0
ro_topic,baseline,topic,5,0.445436507936508,0.9473684210526315,1.0,34,1.0
ro_topic,baseline,topic,5,-inf,0.9473684210526315,1.0,34,1.0
ro_topic,baseline,topic,10,inf,0.0,0.0,0,0.0
ro_topic,baseline,topic,10,1.0,1.0,0.0,0,1.0
ro_topic,baseline,topic,10,0.9727272727272727,1.0,0.029411764705882353,1,1.0
ro_topic,baseline,topic,10,0.9545454545454545,1.0,0.058823529411764705,2,1.0
ro_topic,baseline,topic,10,0.9393939393939391,1.0,0.08823529411764706,3,1.0
ro_topic,baseline,topic,10,0.9329836829836828,1.0,0.11764705882352941,4,1.0
ro_topic,baseline,topic,10,0.9287878787878787,1.0,0.14705882352941177,5,1.0
ro_topic,baseline,topic,10,0.921078921078921,1.0,0.17647058823529413,6,1.0
ro_topic,baseline,topic,10,0.9196969696969696,1.0,0.20588235294117646,7,1.0
ro_topic,baseline,topic,10,0.9183982683982682,1.0,0.23529411764705882,8,1.0
ro_topic,baseline,topic,10,0.9174825174825173,1.0,0.2647058823529412,9,1.0
ro_topic,baseline,topic,10,0.9163170163170162,1.0,0.29411764705882354,10,1.0
ro_topic,baseline,topic,10,0.9136363636363637,1.0,0.3235294117647059,11,1.0
ro_topic,baseline,topic,10,0.8988636363636363,1.0,0.35294117647058826,12,1.0
ro_topic,baseline,topic,10,0.8968364968364968,1.0,0.38235294117647056,13,1.0
ro_topic,baseline,topic,10,0.8917249417249418,1.0,0.4117647058823529,14,1.0
ro_topic,baseline,topic,10,0.8912198912198912,1.0,0.4411764705882353,15,1.0
ro_topic,baseline,topic,10,0.885064935064935,1.0,0.47058823529411764,16,1.0
ro_topic,baseline,topic,10,0.8738927738927739,1.0,0.5,17,1.0
ro_topic,baseline,topic,10,0.8733877233877234,1.0,0.5294117647058824,18,1.0
ro_topic,baseline,topic,10,0.8723776223776223,1.0,0.5588235294117647,19,1.0
ro_topic,baseline,topic,10,0.8674825174825174,1.0,0.5882352941176471,20,1.0
ro_topic,baseline,topic,10,0.8668831168831168,1.0,0.6176470588235294,21,1.0
ro_topic,baseline,topic,10,0.8392676767676767,1.0,0.6470588235294118,22,1.0
ro_topic,baseline,topic,10,0.8363127069009421,1.0,0.6764705882352942,23,1.0
ro_topic,baseline,topic,10,0.8362304362304362,1.0,0.7058823529411765,24,1.0
ro_topic,baseline,topic,10,0.8326340326340327,1.0,0.7352941176470589,25,1.0
ro_topic,baseline,topic,10,0.8292207792207792,1.0,0.7647058823529411,26,1.0
ro_topic,baseline,topic,10,0.8090691171573525,1.0,0.7941176470588235,27,1.0
ro_topic,baseline,topic,10,0.8010392385392384,1.0,0.8235294117647058,28,1.0
ro_topic,baseline,topic,10,0.7615051615051616,1.0,0.8529411764705882,29,1.0
ro_topic,baseline,topic,10,0.72249000999001,1.0,0.8823529411764706,30,1.0
ro_topic,baseline,topic,10,0.7188422688422688,1.0,0.9117647058823529,31,1.0
ro_topic,baseline,topic,10,0.6653263403263403,1.0,0.9411764705882353,32,1.0
ro_topic,baseline,topic,10,0.6266816516816517,1.0,0.9705882352941176,33,1.0
ro_topic,baseline,topic,10,0.35961944402346874,1.0,1.0,34,1.0
ro_topic,baseline,topic,10,-inf,1.0,1.0,34,1.0
ro_topic,baseline,topic,20,inf,0.0,0.0,0,0.0
ro_topic,baseline,topic,20,1.0,1.0,0.0,0,1.0
ro_topic,baseline,topic,20,0.9354413702239789,1.0,0.029411764705882353,1,1.0
ro_topic,baseline,topic,20,0.8933935629587806,1.0,0.058823529411764705,2,1.0
ro_topic,baseline,topic,20,0.8916318464144553,1.0,0.08823529411764706,3,1.0
ro_topic,baseline,topic,20,0.889064558629776,1.0,0.11764705882352941,4,1.0
ro_topic,baseline,topic,20,0.8850649350649352,1.0,0.14705882352941177,5,1.0
ro_topic,baseline,topic,20,0.8717452113104287,1.0,0.17647058823529413,6,1.0
ro_topic,baseline,topic,20,0.8706728054554143,1.0,0.20588235294117646,7,1.0
ro_topic,baseline,topic,20,0.8685017880670054,1.0,0.23529411764705882,8,1.0
ro_topic,baseline,topic,20,0.8648965848965849,1.0,0.2647058823529412,9,1.0
ro_topic,baseline,topic,20,0.8644724840377014,1.0,0.29411764705882354,10,1.0
ro_topic,baseline,topic,20,0.8402513750339837,1.0,0.3235294117647059,11,1.0
ro_topic,baseline,topic,20,0.8348002622065591,1.0,0.35294117647058826,12,1.0
ro_topic,baseline,topic,20,0.8326191521843697,1.0,0.38235294117647056,13,1.0
ro_topic,baseline,topic,20,0.8244418122828916,1.0,0.4117647058823529,14,1.0
ro_topic,baseline,topic,20,0.8189893037719124,1.0,0.4411764705882353,15,1.0
ro_topic,baseline,topic,20,0.818684236525316,1.0,0.47058823529411764,16,1.0
ro_topic,baseline,topic,20,0.8180956724434987,1.0,0.5,17,1.0
ro_topic,baseline,topic,20,0.8117394276204346,1.0,0.5294117647058824,18,1.0
ro_topic,baseline,topic,20,0.8011839207491382,1.0,0.5588235294117647,19,1.0
ro_topic,baseline,topic,20,0.7858502729154904,1.0,0.5882352941176471,20,1.0
ro_topic,baseline,topic,20,0.7854128380365263,1.0,0.6176470588235294,21,1.0
ro_topic,baseline,topic,20,0.7850107390920855,1.0,0.6470588235294118,22,1.0
ro_topic,baseline,topic,20,0.7739322834975009,1.0,0.6764705882352942,23,1.0
ro_topic,baseline,topic,20,0.7632239673053136,1.0,0.7058823529411765,24,1.0
ro_topic,baseline,topic,20,0.756352115726376,1.0,0.7352941176470589,25,1.0
ro_topic,baseline,topic,20,0.7547065877650587,1.0,0.7647058823529411,26,1.0
ro_topic,baseline,topic,20,0.7480916828742916,1.0,0.7941176470588235,27,1.0
ro_topic,baseline,topic,20,0.7311943451073888,1.0,0.8235294117647058,28,1.0
ro_topic,baseline,topic,20,0.6989451772060469,1.0,0.8529411764705882,29,1.0
ro_topic,baseline,topic,20,0.6268548600667836,1.0,0.8823529411764706,30,1.0
ro_topic,baseline,topic,20,0.6168415664517612,1.0,0.9117647058823529,31,1.0
ro_topic,baseline,topic,20,0.5980165266140021,1.0,0.9411764705882353,32,1.0
ro_topic,baseline,topic,20,0.5451131067394306,1.0,0.9705882352941176,33,1.0
ro_topic,baseline,topic,20,0.27855383652571447,1.0,1.0,34,1.0
ro_topic,baseline,topic,20,-inf,1.0,1.0,34,1.0
ro_topic,baseline,topic,50,inf,0.0,0.0,0,0.0
ro_topic,baseline,topic,50,1.0,1.0,0.0,0,1.0
ro_topic,baseline,topic,50,0.8821645725918756,1.0,0.029411764705882353,1,1.0
ro_topic,baseline,topic,50,0.8247802804027874,1.0,0.058823529411764705,2,1.0
ro_topic,baseline,topic,50,0.7991744440596651,1.0,0.08823529411764706,3,1.0
ro_topic,baseline,topic,50,0.743519078222492,1.0,0.11764705882352941,4,1.0
ro_topic,baseline,topic,50,0.7421526956049762,1.0,0.14705882352941177,5,1.0
ro_topic,baseline,topic,50,0.7320112386327768,1.0,0.17647058823529413,6,1.0
ro_topic,baseline,topic,50,0.7293001757265818,1.0,0.20588235294117646,7,1.0
ro_topic,baseline,topic,50,0.7243911748079372,1.0,0.23529411764705882,8,1.0
ro_topic,baseline,topic,50,0.7177277041001863,1.0,0.2647058823529412,9,1.0
ro_topic,baseline,topic,50,0.7157229208365244,1.0,0.29411764705882354,10,1.0
ro_topic,baseline,topic,50,0.7139799045775477,1.0,0.3235294117647059,11,1.0
ro_topic,baseline,topic,50,0.7068884597496938,1.0,0.35294117647058826,12,1.0
ro_topic,baseline,topic,50,0.7068291553397181,1.0,0.38235294117647056,13,1.0
ro_topic,baseline,topic,50,0.7033429583476762,1.0,0.4117647058823529,14,1.0
ro_topic,baseline,topic,50,0.7012090861554872,1.0,0.4411764705882353,15,1.0
ro_topic,baseline,topic,50,0.6941727163360786,1.0,0.47058823529411764,16,1.0
ro_topic,baseline,topic,50,0.6892460424741945,1.0,0.5,17,1.0
ro_topic,baseline,topic,50,0.6848611780803989,1.0,0.5294117647058824,18,1.0
ro_topic,baseline,topic,50,0.6839140315220397,1.0,0.5588235294117647,19,1.0
ro_topic,baseline,topic,50,0.6680496053294175,1.0,0.5882352941176471,20,1.0
ro_topic,baseline,topic,50,0.6643877693862372,1.0,0.6176470588235294,21,1.0
ro_topic,baseline,topic,50,0.6493791550135689,1.0,0.6470588235294118,22,1.0
ro_topic,baseline,topic,50,0.6419243548178187,1.0,0.6764705882352942,23,1.0
ro_topic,baseline,topic,50,0.6249766212466008,1.0,0.7058823529411765,24,1.0
ro_topic,baseline,topic,50,0.6245731387002744,1.0,0.7352941176470589,25,1.0
ro_topic,baseline,topic,50,0.6244811623770824,1.0,0.7647058823529411,26,1.0
ro_topic,baseline,topic,50,0.6194791385118464,1.0,0.7941176470588235,27,1.0
ro_topic,baseline,topic,50,0.5934928863244714,1.0,0.8235294117647058,28,1.0
ro_topic,baseline,topic,50,0.585092555869094,1.0,0.8529411764705882,29,1.0
ro_topic,baseline,topic,50,0.5574725439381603,1.0,0.8823529411764706,30,1.0
ro_topic,baseline,topic,50,0.5465993857938164,1.0,0.9117647058823529,31,1.0
ro_topic,baseline,topic,50,0.49816349143516014,1.0,0.9411764705882353,32,1.0
ro_topic,baseline,topic,50,0.46197944737978924,1.0,0.9705882352941176,33,1.0
ro_topic,baseline,topic,50,0.23097449360855693,1.0,1.0,34,1.0
ro_topic,baseline,topic,50,-inf,1.0,1.0,34,1.0
