method,setup,threshold,top_k,corpus_top_k,match_mode,query_budget,k,n_runs,asr_mean,asr_std,asr_sem,asr_ci95,known_acc_mean,known_acc_std,known_acc_sem,known_acc_ci95,unknown_acc_mean,unknown_acc_std,unknown_acc_sem,unknown_acc_ci95,abstain_rate_mean,abstain_rate_std,abstain_rate_sem,abstain_rate_ci95,pred_known_rate_mean,pred_known_rate_std,pred_known_rate_sem,pred_known_rate_ci95,pred_unk_rate_mean,pred_unk_rate_std,pred_unk_rate_sem,pred_unk_rate_ci95,pred_abstain_rate_mean,pred_abstain_rate_std,pred_abstain_rate_sem,pred_abstain_rate_ci95,n_total,n_known,n_unknown
telltail-opt,setup2,0.5,1,1,threshold_hit_rate,1,1,20,0.6745283018867925,0.19530328656296214,0.04367114249839046,0.0855954392968453,0.5736842105263158,0.1645858343401165,0.036802511371801974,0.07213292228873187,0.7308823529411764,0.23669763294317772,0.0529271997374239,0.10373731148535084,0.1179245283018868,0.14993143899143996,0.03352568895492222,0.06571035035164756,0.33679245283018866,0.07893612556021222,0.017650654263309317,0.03459528235608626,0.5452830188679246,0.19749987815168232,0.04416231530950872,0.08655813800663709,0.1179245283018868,0.14993143899143996,0.03352568895492222,0.06571035035164756,53,19,34
telltail-opt,setup2,0.5,1,1,threshold_hit_rate,5,1,500,0.8789433962264152,0.04628983698569573,0.002070144443347992,0.004057483108962064,0.806,0.07611747689627239,0.0034040770523166954,0.006671991022540723,0.9197058823529413,0.05976712823248405,0.0026728672309556238,0.005238819772673022,0.011471698113207548,0.020675125906239107,0.0009246197393943517,0.0018122546892129295,0.3367924528301887,0.04354426065545652,0.0019473585371114063,0.003816822732738356,0.6517358490566036,0.05449178719843485,0.002436946807823063,0.004776415743333203,0.011471698113207548,0.020675125906239107,0.0009246197393943517,0.0018122546892129295,53,19,34
telltail-opt,setup2,0.5,1,1,threshold_hit_rate,10,1,500,0.8889056603773585,0.016197097909076103,0.0007243562392582775,0.0014197382289462238,0.7911578947368421,0.0469740642259891,0.0021007440157750534,0.004117458270919105,0.943529411764706,0.00798720294539873,0.00035719857471996203,0.0007001092064511256,0.0006415094339622642,0.003422842229520294,0.00015307415802928628,0.0003000253497374011,0.3192830188679245,0.01899901524284286,0.0008496617917710262,0.0016653371118712113,0.6800754716981131,0.018906301953944327,0.0008455155274431322,0.001657210433788539,0.0006415094339622642,0.003422842229520294,0.00015307415802928628,0.0003000253497374011,53,19,34
telltail-opt,setup2,0.5,1,1,threshold_hit_rate,12,1,500,0.8909433962264152,0.011758468063579207,0.0005258546780284685,0.0010306751689357983,0.7998947368421052,0.033436722659318636,0.0014953356962208802,0.0029308579645929253,0.9418235294117647,0.004318536356211986,0.00019313081711588493,0.0003785364015471345,0.00022641509433962264,0.0020564964070155013,9.196931523141472e-05,0.00018025985785357284,0.32384905660377367,0.012880534851109812,0.0005760350302727335,0.0011290286593345575,0.6759245283018868,0.01282391488940219,0.0005735029086074998,0.0011240657008706996,0.00022641509433962264,0.0020564964070155013,9.196931523141472e-05,0.00018025985785357284,53,19,34
telltail-opt,setup2,0.5,1,1,threshold_hit_rate,15,1,500,0.8927547169811322,0.009996535726420371,0.0004470586684756238,0.0008762349902122226,0.8061052631578947,0.027885073342119964,0.0012470583910109496,0.0024442344463814613,0.9411764705882354,1.111334915764742e-16,4.9700408348379315e-18,9.741280036282346e-18,0.0,0.0,0.0,0.0,0.3267169811320755,0.009996535726420371,0.0004470586684756238,0.0008762349902122226,0.6732830188679245,0.009996535726420371,0.0004470586684756238,0.0008762349902122226,0.0,0.0,0.0,0.0,53,19,34
telltail-opt,setup2,0.5,1,1,threshold_hit_rate,18,1,190,0.8867924528301891,4.452624991071007e-16,3.230273681668318e-17,6.331336416069904e-17,0.7894736842105263,0.0,0.0,0.0,0.9411764705882353,0.0,0.0,0.0,0.0,0.0,0.0,0.0,0.3207547169811321,5.565781238838758e-17,4.037842102085398e-18,7.91417052008738e-18,0.679245283018868,1.1131562477677517e-16,8.075684204170796e-18,1.582834104017476e-17,0.0,0.0,0.0,0.0,53,19,34
telltail-opt,setup2,0.5,1,1,threshold_hit_rate,20,1,1,0.8867924528301887,0.0,0.0,0.0,0.7894736842105263,0.0,0.0,0.0,0.9411764705882353,0.0,0.0,0.0,0.0,0.0,0.0,0.0,0.32075471698113206,0.0,0.0,0.0,0.6792452830188679,0.0,0.0,0.0,0.0,0.0,0.0,0.0,53,19,34
telltail-opt,setup2,0.5,2,2,threshold_hit_rate,1,2,20,0.6367924528301887,0.2046722432913985,0.04576610491069423,0.08970156562496069,0.5973684210526315,0.21002363810060698,0.0469627131674772,0.09204691780825532,0.6588235294117647,0.22448062234584523,0.05019539311967682,0.09838297051456657,0.16603773584905662,0.17385670185414023,0.03887554036897713,0.07619605912319517,0.36603773584905663,0.07581846848976892,0.01695352494930491,0.03322890890063762,0.4679245283018868,0.17471674520242905,0.03906785190801416,0.07657298973970775,0.16603773584905662,0.17385670185414023,0.03887554036897713,0.07619605912319517,53,19,34
telltail-opt,setup2,0.5,2,2,threshold_hit_rate,5,2,500,0.8718867924528302,0.06800802982644037,0.0030414115541550777,0.005961166646143952,0.854,0.07946293001361486,0.003553690264035022,0.006965232917508643,0.8818823529411766,0.07519764980171362,0.0033629411340971044,0.006591364622830324,0.029358490566037735,0.044769590295200036,0.002002156944497643,0.00392422761121538,0.37260377358490565,0.03370382674371229,0.0015072809540163214,0.00295427066987199,0.5980377358490566,0.0582118167373448,0.00260331158636926,0.005102490709283749,0.029358490566037735,0.044769590295200036,0.002002156944497643,0.00392422761121538,53,19,34
telltail-opt,setup2,0.5,2,2,threshold_hit_rate,10,2,500,0.9146415094339623,0.01923698494811286,0.0008603041205224124,0.0016861960762239283,0.8753684210526317,0.05021827132110091,0.002245829367730196,0.004401825560751184,0.9365882352941178,0.01161582085065174,0.0005194753007303344,0.0010181715894314555,0.0013962264150943397,0.004944019932038208,0.00022110329300302646,0.00043336245428593186,0.3538490566037736,0.019568459944873724,0.0008751281330343886,0.0017152511407474017,0.6447547169811321,0.019938043038331524,0.0008916563914405147,0.0017476465272234086,0.0013962264150943397,0.004944019932038208,0.00022110329300302646,0.00043336245428593186,53,19,34
telltail-opt,setup2,0.5,2,2,threshold_hit_rate,12,2,500,0.9201132075471699,0.017136540308145588,0.0007663693805635745,0.001502083985904606,0.8872631578947369,0.04670324840687482,0.002088632764156617,0.004093720217746969,0.9384705882352942,0.008907416862018291,0.0003983517921480153,0.0007807695126101099,0.0005283018867924528,0.003115810294635303,0.0001393432724759637,0.00027311281405288884,0.3573207547169811,0.01809743802523553,0.000809342032860324,0.001586310384406235,0.6421509433962264,0.018474786519293285,0.0008262175705387303,0.0016193864382559114,0.0005283018867924528,0.003115810294635303,0.0001393432724759637,0.00027311281405288884,53,19,34
telltail-opt,setup2,0.5,2,2,threshold_hit_rate,15,2,500,0.9303396226415095,0.013634348713267321,0.0006097466110360503,0.0011951033576306585,0.9128421052631579,0.038051918856165705,0.001701733544733851,0.003335397747678348,0.9401176470588236,0.005484607833916521,0.0002452791189313043,0.0004807470731053564,0.0,0.0,0.0,0.0,0.36566037735849055,0.014526899848328861,0.0006496627112638943,0.001273338914077233,0.6343396226415096,0.014526899848328837,0.0006496627112638932,0.0012733389140772307,0.0,0.0,0.0,0.0,53,19,34
telltail-opt,setup2,0.5,2,2,threshold_hit_rate,18,2,190,0.923535253227408,0.012836065884495424,0.000931226094404879,0.001825203145033563,0.89196675900277,0.03580586799359251,0.0025976306843925583,0.005091356141409415,0.9411764705882353,0.0,0.0,0.0,0.0,0.0,0.0,0.0,0.3574975173783516,0.012836065884495443,0.0009312260944048805,0.0018252031450335657,0.6425024826216484,0.012836065884495427,0.0009312260944048793,0.0018252031450335634,0.0,0.0,0.0,0.0,53,19,34
telltail-opt,setup2,0.5,2,2,threshold_hit_rate,20,2,1,0.9245283018867925,0.0,0.0,0.0,0.8947368421052632,0.0,0.0,0.0,0.9411764705882353,0.0,0.0,0.0,0.0,0.0,0.0,0.0,0.3584905660377358,0.0,0.0,0.0,0.6415094339622641,0.0,0.0,0.0,0.0,0.0,0.0,0.0,53,19,34
telltail-opt,setup2,0.5,3,3,threshold_hit_rate,1,3,20,0.6047169811320755,0.2160378442604551,0.04830753054788904,0.09468275987386252,0.5921052631578948,0.22774143507055394,0.05092453301111132,0.09981208470177819,0.6117647058823529,0.22714206273526572,0.05079050928255759,0.09954939819381288,0.20566037735849058,0.18414614088516887,0.04117632888134909,0.0807056046074442,0.369811320754717,0.07507342779695698,0.01678692878579181,0.03290238042015194,0.42452830188679236,0.1677017814587847,0.03749925832896564,0.07349854632477265,0.20566037735849058,0.18414614088516887,0.04117632888134909,0.0807056046074442,53,19,34
telltail-opt,setup2,0.5,3,3,threshold_hit_rate,5,3,500,0.849433962264151,0.0860368801114873,0.0038476862500257058,0.007541465050050383,0.8567368421052631,0.09211040111032863,0.004119302366349338,0.008073832638044702,0.8453529411764706,0.09332187083621252,0.004173480939544527,0.008180022641507271,0.04633962264150943,0.056685840609621486,0.002535067859296635,0.004968733004221404,0.38860377358490567,0.0376069944322945,0.001681835919601332,0.0032963984024186105,0.5650566037735848,0.06788044262396735,0.0030357056809993035,0.005949983134758635,0.04633962264150943,0.056685840609621486,0.002535067859296635,0.004968733004221404,53,19,34
telltail-opt,setup2,0.5,3,3,threshold_hit_rate,10,3,500,0.9171698113207547,0.023391462904417806,0.0010460980229488575,0.0020503521249797606,0.909157894736842,0.0447947843190598,0.0020032836554971867,0.003926435964774486,0.9216470588235295,0.02447527136246624,0.0010945674106845682,0.0021453521249417537,0.005283018867924529,0.010233799060059548,0.00045766940732733203,0.0008970320383615707,0.3738867924528302,0.02094772365998324,0.0009368106815520643,0.001836148935842046,0.6208301886792452,0.022717508979116903,0.0010159578871353448,0.001991277458785276,0.005283018867924529,0.010233799060059548,0.00045766940732733203,0.0008970320383615707,53,19,34
telltail-opt,setup2,0.5,3,3,threshold_hit_rate,12,3,500,0.9250566037735849,0.020052218675209815,0.0008967624811491984,0.0017576544630524289,0.9223157894736844,0.04126306748826114,0.0018453404772782681,0.0036168673354654056,0.9265882352941178,0.018385659257060014,0.0008222316781986894,0.0016115740892694312,0.0032830188679245286,0.007917250753197281,0.0003540702175812106,0.0006939776264591728,0.37649056603773584,0.017184765270806746,0.0007685260664580292,0.0015063110902577372,0.6202264150943396,0.01815116829841185,0.0008117449237257617,0.0015910200505024929,0.0032830188679245286,0.007917250753197281,0.0003540702175812106,0.0006939776264591728,53,19,34
telltail-opt,setup2,0.5,3,3,threshold_hit_rate,15,3,500,0.9275471698113208,0.018947162236222705,0.0008473428548182179,0.001660791995443707,0.9412631578947369,0.03224278523856222,0.001441941191547038,0.0028262047354321944,0.9198823529411766,0.021308285575456706,0.0009529355006139883,0.0018677535812034172,0.002867924528301887,0.007089378953956697,0.00031704666518607053,0.0006214114637646982,0.3879245283018869,0.016317163871342966,0.00072972575232653,0.0014302624745599988,0.6092075471698113,0.01715538912052737,0.0007672123250791905,0.0015037361571552134,0.002867924528301887,0.007089378953956697,0.00031704666518607053,0.0006214114637646982,53,19,34
telltail-opt,setup2,0.5,3,3,threshold_hit_rate,18,3,190,0.9334657398212513,0.012974339883833766,0.0009412575446576485,0.0018448647875289911,0.9321329639889196,0.023932437062459115,0.0017362414696066703,0.003403033280429074,0.9342105263157895,0.012537289040324789,0.0009095505439520175,0.0017827190661459543,0.0,0.0,0.0,0.0,0.37636544190665344,0.010404656501490719,0.0007548331182384239,0.0014794729117473108,0.6236345580933466,0.010404656501490701,0.0007548331182384227,0.0014794729117473086,0.0,0.0,0.0,0.0,53,19,34
telltail-opt,setup2,0.5,3,3,threshold_hit_rate,20,3,1,0.9433962264150944,0.0,0.0,0.0,0.9473684210526315,0.0,0.0,0.0,0.9411764705882353,0.0,0.0,0.0,0.0,0.0,0.0,0.0,0.37735849056603776,0.0,0.0,0.0,0.6226415094339622,0.0,0.0,0.0,0.0,0.0,0.0,0.0,53,19,34
telltail-opt,setup2,0.5,4,4,threshold_hit_rate,1,4,20,0.5830188679245283,0.21415848955815073,0.04788729406107039,0.09385909635969795,0.581578947368421,0.2261998027850535,0.050579813552442586,0.09913643456278746,0.5838235294117646,0.2238459141054421,0.05005346804253476,0.09810479736336812,0.22830188679245284,0.188072510062581,0.04205429171989443,0.08242641177099308,0.36886792452830186,0.07969207757531507,0.01781969027265911,0.03492659293441185,0.40283018867924525,0.16360442758018132,0.036583062148922686,0.07170280181188847,0.22830188679245284,0.188072510062581,0.04205429171989443,0.08242641177099308,53,19,34
telltail-opt,setup2,0.5,4,4,threshold_hit_rate,5,4,500,0.8235094339622642,0.09122292215852959,0.00407961310105288,0.007996041678063644,0.8345263157894738,0.09592685081936048,0.004289979185991428,0.008408359204543199,0.8173529411764707,0.09958751285012372,0.004453688968860209,0.008729230378966009,0.061660377358490566,0.0628910600751433,0.0028125737101008692,0.005512644471797704,0.3929811320754717,0.04021791392175731,0.00179859978884569,0.0035252555861375523,0.5453584905660377,0.07200508225320594,0.003220165172872644,0.006311523738830382,0.061660377358490566,0.0628910600751433,0.0028125737101008692,0.005512644471797704,53,19,34
telltail-opt,setup2,0.5,4,4,threshold_hit_rate,10,4,500,0.9041886792452831,0.02768009053822365,0.0012378912813363365,0.0024262669114192194,0.9013684210526316,0.04514044535833607,0.002018742087117086,0.003956734490749489,0.9057647058823531,0.0347154814825987,0.0015525235293345173,0.0030429461174956538,0.010452830188679247,0.014667218543794934,0.0006559379540954189,0.001285638390027021,0.3789433962264151,0.026231230854441616,0.0011730963064804267,0.0022992687607016364,0.6106037735849056,0.02925297237351602,0.0013082326954221037,0.002564136083027323,0.010452830188679247,0.014667218543794934,0.0006559379540954189,0.001285638390027021,53,19,34
telltail-opt,setup2,0.5,4,4,threshold_hit_rate,12,4,500,0.9115094339622642,0.024639158930647637,0.001101896685546983,0.0021597175036720865,0.9152631578947369,0.04114437267739732,0.0018400322839649084,0.00360646327657122,0.9094117647058826,0.029109611461565682,0.0013018214005333574,0.0025515699450453806,0.007584905660377358,0.01206978682306903,0.0005397772762062716,0.0010579634613642923,0.3832075471698113,0.02248959636827867,0.00100576532532007,0.001971300037627337,0.6092075471698113,0.024719782197296498,0.0011055022676428818,0.0021667844445800483,0.007584905660377358,0.01206978682306903,0.0005397772762062716,0.0010579634613642923,53,19,34
telltail-opt,setup2,0.5,4,4,threshold_hit_rate,15,4,500,0.9095471698113208,0.02089162419667229,0.0009343018372827735,0.001831231601074236,0.9320000000000002,0.0348965717728604,0.0015606221333163241,0.0030588193812999954,0.8970000000000002,0.0262340275074869,0.0011732213766068016,0.0022995138981493314,0.009622641509433962,0.013433562476234194,0.0006007671775370011,0.0011775036679725222,0.3958490566037737,0.021297769348156102,0.0009524652006317686,0.0018668317932382663,0.5945283018867924,0.021878570172834847,0.0009784394031391607,0.001917741230152755,0.009622641509433962,0.013433562476234194,0.0006007671775370011,0.0011775036679725222,53,19,34
telltail-opt,setup2,0.5,4,4,threshold_hit_rate,18,4,190,0.920059582919563,0.015303907653845518,0.0011102621536741753,0.0021761138212013833,0.9321329639889196,0.023932437062459115,0.0017362414696066703,0.003403033280429074,0.913312693498452,0.020009161525831112,0.0014516171471605475,0.002845169608434673,0.0,0.0,0.0,0.0,0.3897715988083416,0.015573600789404495,0.0011298277501407491,0.0022144623902758684,0.6102284011916583,0.01557360078940449,0.0011298277501407487,0.0022144623902758676,0.0,0.0,0.0,0.0,53,19,34
telltail-opt,setup2,0.5,4,4,threshold_hit_rate,20,4,1,0.9245283018867925,0.0,0.0,0.0,0.9473684210526315,0.0,0.0,0.0,0.9117647058823529,0.0,0.0,0.0,0.0,0.0,0.0,0.0,0.39622641509433965,0.0,0.0,0.0,0.6037735849056604,0.0,0.0,0.0,0.0,0.0,0.0,0.0,53,19,34
telltail-opt,setup2,0.5,5,5,threshold_hit_rate,1,5,20,0.5566037735849056,0.21862637768703538,0.04888634421827543,0.09581723466781984,0.55,0.22295383447027936,0.049853992971978046,0.09771382622507697,0.5602941176470588,0.22771760732745783,0.050919204965779986,0.09980164173292877,0.25283018867924534,0.19468110490644921,0.043532018450558825,0.0853227561630953,0.3613207547169811,0.06878931999810747,0.015381759564175401,0.030148248745783784,0.38584905660377355,0.16259348579157334,0.03635700869286042,0.07125973703800642,0.25283018867924534,0.19468110490644921,0.043532018450558825,0.0853227561630953,53,19,34
telltail-opt,setup2,0.5,5,5,threshold_hit_rate,5,5,500,0.8108301886792454,0.09620295429370182,0.0043023269087404505,0.008432560741131283,0.8285263157894738,0.1007281182364278,0.004504698392445775,0.008829208849193719,0.8009411764705883,0.10319631237875214,0.004615079390123856,0.009045555604642758,0.07630188679245282,0.07072367703710002,0.003162858989473931,0.006199203619368905,0.3935094339622642,0.03872150188192589,0.0017316782079774464,0.003394089287635795,0.5301886792452831,0.07484997442945214,0.00334739261876752,0.0065608895327843395,0.07630188679245282,0.07072367703710002,0.003162858989473931,0.006199203619368905,53,19,34
telltail-opt,setup2,0.5,5,5,threshold_hit_rate,10,5,500,0.8992830188679245,0.030217473128748028,0.0013513664804830768,0.0026486783017468304,0.9128421052631579,0.04167270693445191,0.0018636601102372267,0.0036527738160649645,0.8917058823529413,0.03835136852949265,0.0017151253412418341,0.0033616456688339946,0.016264150943396224,0.018801220616695494,0.0008408161471780328,0.0016479996484689442,0.3907924528301887,0.026313456023165763,0.0011767735278149984,0.002306476114517397,0.5929433962264151,0.03003256321232723,0.0013430970576264628,0.0026324702329478668,0.016264150943396224,0.018801220616695494,0.0008408161471780328,0.0016479996484689442,53,19,34
telltail-opt,setup2,0.5,5,5,threshold_hit_rate,12,5,500,0.9048301886792454,0.02478469070974718,0.001108405064566044,0.002172473926549446,0.9257894736842106,0.03549451283091252,0.0015873628703631777,0.003111231225911828,0.8931176470588237,0.030540126205566117,0.001365795964741371,0.002676960090893087,0.012754716981132078,0.016280220425173634,0.0007280735911873754,0.0014270242387272557,0.3962641509433962,0.02168282705644083,0.0009696855048514672,0.0019005835895088757,0.5909811320754715,0.02393725533558866,0.0010705066025029155,0.0020981929409057145,0.012754716981132078,0.016280220425173634,0.0007280735911873754,0.0014270242387272557,53,19,34
telltail-opt,setup2,0.5,5,5,threshold_hit_rate,15,5,500,0.898,0.01934552632455338,0.0008651582384442602,0.0016957101473507499,0.9275789473684213,0.03457245689098382,0.0015461272751484173,0.003030409459290898,0.8814705882352942,0.02312776072264353,0.0010343049028636118,0.0020272376096126792,0.01641509433962264,0.016302947929876133,0.0007290899960968501,0.0014290163923498262,0.40332075471698114,0.020188801160408745,0.0009028706355780117,0.001769626445732903,0.5802641509433962,0.0190886249010721,0.0008536692575158483,0.0016731917447310627,0.01641509433962264,0.016302947929876133,0.0007290899960968501,0.0014290163923498262,53,19,34
telltail-opt,setup2,0.5,5,5,threshold_hit_rate,18,5,190,0.9066534260178748,0.013268991276149299,0.0009626338033763252,0.0018867622546175973,0.9349030470914128,0.02243514880900222,0.0016276167628615026,0.003190128855208545,0.8908668730650154,0.013374008946668348,0.00097025258595667,0.0019016950684750732,0.004468718967229395,0.008042789195680052,0.0005834852546107281,0.001143631099037027,0.4051638530287984,0.010026177878370507,0.0007273753930136189,0.001425655770306693,0.590367428003972,0.008579552909183465,0.0006224261872174862,0.001219955326946273,0.004468718967229395,0.008042789195680052,0.0005834852546107281,0.001143631099037027,53,19,34
telltail-opt,setup2,0.5,5,5,threshold_hit_rate,20,5,1,0.9056603773584906,0.0,0.0,0.0,0.9473684210526315,0.0,0.0,0.0,0.8823529411764706,0.0,0.0,0.0,0.0,0.0,0.0,0.0,0.41509433962264153,0.0,0.0,0.0,0.5849056603773585,0.0,0.0,0.0,0.0,0.0,0.0,0.0,53,19,34
telltail-opt,setup2,0.5,10,10,threshold_hit_rate,1,10,20,0.4896226415094339,0.21982080352556663,0.04915342595517924,0.09634071487215132,0.5052631578947369,0.2248584139250155,0.05027986988491199,0.0985485449744275,0.4808823529411764,0.2320352886079005,0.0518846678506048,0.1016939489871854,0.330188679245283,0.21403596824315677,0.047859897462168476,0.09380539902585021,0.3490566037735849,0.09273713455575003,0.02073665369052018,0.040643841233419555,0.32075471698113206,0.16345834321803643,0.03655039669250212,0.07163877751730414,0.330188679245283,0.21403596824315677,0.047859897462168476,0.09380539902585021,53,19,34
telltail-opt,setup2,0.5,10,10,threshold_hit_rate,5,10,500,0.7490188679245283,0.11607452857094694,0.005191010726817577,0.01017438102456245,0.7814736842105262,0.1297884291185232,0.005804315004038619,0.011376457407915694,0.7308823529411765,0.11776304255690724,0.005266523367888905,0.010322385801062253,0.12649056603773584,0.08958085805313765,0.0040061777617915045,0.007852108413111349,0.3966792452830189,0.044403811434600385,0.0019857988165569783,0.003892165680451677,0.47683018867924526,0.08121336458673245,0.0036319720779481573,0.007118665272778388,0.12649056603773584,0.08958085805313765,0.0040061777617915045,0.007852108413111349,53,19,34
telltail-opt,setup2,0.5,10,10,threshold_hit_rate,10,10,500,0.8744905660377358,0.043443366512992486,0.0019428464138897838,0.0038079789712239763,0.9169473684210527,0.053101896085621374,0.0023747889876315877,0.004654586415757912,0.8507647058823531,0.0490929507514229,0.0021955035019246196,0.004303186863772255,0.04166037735849056,0.030293989569660246,0.0013547883997485982,0.002655385263507252,0.401622641509434,0.027214093430791512,0.0012170512571456056,0.002385420464005387,0.5567169811320755,0.03616204295098554,0.0016172157248734152,0.0031697428207518937,0.04166037735849056,0.030293989569660246,0.0013547883997485982,0.002655385263507252,53,19,34
telltail-opt,setup2,0.5,10,10,threshold_hit_rate,12,10,500,0.88,0.04011126780376983,0.0017938304294585605,0.0035159076417387784,0.9303157894736843,0.047911546001321074,0.002142669475321243,0.004199632171629637,0.8518823529411765,0.0467986145570052,0.0020928976680454968,0.004102079429369174,0.03830188679245283,0.026177842218390816,0.0011707086940917152,0.002294589040419762,0.4057735849056604,0.02706794425847155,0.0012105152674623503,0.0023726099242262068,0.5559245283018868,0.034458506370227335,0.001541031252938757,0.0030204212557599637,0.03830188679245283,0.026177842218390816,0.0011707086940917152,0.002294589040419762,53,19,34
telltail-opt,setup2,0.5,10,10,threshold_hit_rate,15,10,500,0.8697735849056603,0.03872671566213685,0.0017319113753168753,0.0033945462956210754,0.9313684210526316,0.04615769202647014,0.002064234741113745,0.00404590009258294,0.8353529411764707,0.04568985301562891,0.0020433123444984,0.004004892195216864,0.046490566037735846,0.02540052009818545,0.001135945792067846,0.002226453752452978,0.41324528301886787,0.02913959193203614,0.0013031621679327446,0.0025541978491481795,0.5402641509433963,0.03282203429626561,0.0014678459969255874,0.0028769781539741512,0.046490566037735846,0.02540052009818545,0.001135945792067846,0.002226453752452978,53,19,34
telltail-opt,setup2,0.5,10,10,threshold_hit_rate,18,10,190,0.9101290963257198,0.011673169720223132,0.0008468607395525212,0.0016598470495229414,0.9722991689750694,0.029498045848610287,0.002140013168782299,0.004194425810813306,0.8753869969040249,0.012537289040324789,0.0009095505439520175,0.0017827190661459543,0.023336643495531283,0.008042789195680052,0.0005834852546107281,0.001143631099037027,0.4096325719960278,0.014722825634485091,0.0010681060332329798,0.00209348782513664,0.567030784508441,0.013268991276149299,0.0009626338033763252,0.0018867622546175973,0.023336643495531283,0.008042789195680052,0.0005834852546107281,0.001143631099037027,53,19,34
telltail-opt,setup2,0.5,10,10,threshold_hit_rate,20,10,1,0.9245283018867925,0.0,0.0,0.0,1.0,0.0,0.0,0.0,0.8823529411764706,0.0,0.0,0.0,0.018867924528301886,0.0,0.0,0.0,0.41509433962264153,0.0,0.0,0.0,0.5660377358490566,0.0,0.0,0.0,0.018867924528301886,0.0,0.0,0.0,53,19,34
telltail-opt,setup2,0.5,20,20,threshold_hit_rate,1,20,20,0.4084905660377358,0.20045431900836178,0.04482294836861252,0.08785297880248052,0.4421052631578948,0.2248584139250155,0.05027986988491199,0.0985485449744275,0.38970588235294124,0.20081671706249316,0.044903983037007655,0.088011806752535,0.41132075471698115,0.21829188312147643,0.04881154895960602,0.0956706359608278,0.3330188679245283,0.10429587802827989,0.023321267304426054,0.04570968391667506,0.25566037735849056,0.13543396254084325,0.030283954670348563,0.059356551153883184,0.41132075471698115,0.21829188312147643,0.04881154895960602,0.0956706359608278,53,19,34
telltail-opt,setup2,0.5,20,20,threshold_hit_rate,5,20,500,0.6478867924528301,0.1266794080288062,0.005665275354036866,0.011103939693912256,0.6821052631578947,0.14746331719450692,0.006594760028690621,0.012925729656233616,0.6287647058823529,0.1275967558616887,0.005706300396303613,0.011184348776755082,0.20120754716981135,0.10606106740094587,0.004743195129494038,0.009296662453808315,0.39033962264150945,0.05535693346926861,0.0024756373252643573,0.00485224915751814,0.4084528301886793,0.08574719813772133,0.003834731278321765,0.007516073305510659,0.20120754716981135,0.10606106740094587,0.004743195129494038,0.009296662453808315,53,19,34
telltail-opt,setup2,0.5,20,20,threshold_hit_rate,10,20,500,0.7890188679245285,0.06363730905511952,0.002845946979048203,0.0055780560789344775,0.8344210526315788,0.07533455507743694,0.0033690637241570185,0.0066033648993477564,0.7636470588235293,0.07275439726640727,0.0032536755589942304,0.006377204095628692,0.08916981132075472,0.04461019096484391,0.001995028389732758,0.0039102556438762055,0.4128679245283019,0.03794359948838586,0.0016968893553411404,0.0033259031364686353,0.49796226415094336,0.05050357071804734,0.0022585883446404344,0.004426833155495251,0.08916981132075472,0.04461019096484391,0.001995028389732758,0.0039102556438762055,53,19,34
telltail-opt,setup2,0.5,20,20,threshold_hit_rate,12,20,500,0.788566037735849,0.06036567125135201,0.0026996348885085578,0.005291284381476773,0.8406315789473684,0.06947969277855796,0.003107226322173137,0.0060901635914593485,0.7594705882352941,0.07104012200299614,0.0031770108385715578,0.006226941243600253,0.0870943396226415,0.040031791807932364,0.0017902761548731193,0.003508941263551314,0.4179245283018868,0.03758192602864572,0.0016807148265084106,0.0032942010599564847,0.4949811320754717,0.0496376552807183,0.0022198634290277503,0.00435093232089439,0.0870943396226415,0.040031791807932364,0.0017902761548731193,0.003508941263551314,53,19,34
telltail-opt,setup2,0.5,20,20,threshold_hit_rate,15,20,500,0.7506415094339622,0.051728323198909285,0.002313360940696811,0.004534187443765749,0.8056842105263156,0.06368343036182661,0.0028480095865883663,0.005582098789713198,0.7198823529411765,0.06063336303174402,0.002711606428868047,0.005314748600581372,0.11294339622641511,0.036941984197790934,0.0016520957577996712,0.0032381076852873556,0.421622641509434,0.0343837879563453,0.0015376897438865332,0.003013871898017605,0.46543396226415096,0.04210437906608247,0.0018829650748435902,0.003690611546693437,0.11294339622641511,0.036941984197790934,0.0016520957577996712,0.0032381076852873556,53,19,34
telltail-opt,setup2,0.5,20,20,threshold_hit_rate,18,20,190,0.7999006951340616,0.027837010544282104,0.002019509002393864,0.003958237644691973,0.8448753462603876,0.045535837510389476,0.003303516864265617,0.006474893053960609,0.7747678018575851,0.028763725847010303,0.0020867399966681454,0.004090010393469565,0.07795431976166832,0.021070882102604868,0.0015286424534307938,0.0029961392087243556,0.4195630585898709,0.02118817805500017,0.0015371519962004763,0.0030128179125529335,0.5024826216484607,0.022138880643297387,0.0016061232110732512,0.0031480014937035725,0.07795431976166832,0.021070882102604868,0.0015286424534307938,0.0029961392087243556,53,19,34
telltail-opt,setup2,0.5,20,20,threshold_hit_rate,20,20,1,0.7924528301886793,0.0,0.0,0.0,0.8421052631578947,0.0,0.0,0.0,0.7647058823529411,0.0,0.0,0.0,0.07547169811320754,0.0,0.0,0.0,0.4339622641509434,0.0,0.0,0.0,0.49056603773584906,0.0,0.0,0.0,0.07547169811320754,0.0,0.0,0.0,53,19,34
telltail-opt,setup2,0.5,50,50,threshold_hit_rate,1,50,20,0.30943396226415093,0.1875237707665337,0.04193158988310572,0.0821859161708872,0.3236842105263157,0.2141482073962104,0.04788499489976497,0.09385459000353934,0.30147058823529405,0.17900018771184054,0.040025658770889795,0.078450291190944,0.5226415094339625,0.2123308953874769,0.04747863158097949,0.09305811789871979,0.2811320754716981,0.11548519759347024,0.025823275221399457,0.050613619433942936,0.19622641509433963,0.11749574478319513,0.02627284724021906,0.051494780590829355,0.5226415094339625,0.2123308953874769,0.04747863158097949,0.09305811789871979,53,19,34
telltail-opt,setup2,0.5,50,50,threshold_hit_rate,5,50,500,0.5151698113207547,0.14194496192584777,0.0063479716785963015,0.012442024490048751,0.5252631578947368,0.17511167373896527,0.007831232122681822,0.01534921496045637,0.5095294117647059,0.13454033543028884,0.0060168267147549855,0.011792980360919771,0.33483018867924536,0.11851759815669884,0.005300268120167647,0.010388525515528588,0.33732075471698114,0.06366600218842748,0.002847230174979484,0.005580571142959788,0.32784905660377367,0.08730252676990483,0.0039042876893000465,0.007652403871028091,0.33483018867924536,0.11851759815669884,0.005300268120167647,0.010388525515528588,53,19,34
telltail-opt,setup2,0.5,50,50,threshold_hit_rate,10,50,500,0.6639245283018868,0.07340307930297073,0.0032826855015850084,0.006434063583106616,0.7025263157894737,0.11009498913761252,0.004923597593876051,0.009650251283997059,0.6423529411764706,0.06712598310911745,0.0030019652257697858,0.00588385184250878,0.2022641509433962,0.06314415294596797,0.0028238923673765595,0.0055348290400580565,0.3851320754716981,0.04807152644038855,0.0021498240180577457,0.0042136550753931815,0.4126037735849057,0.043409195456056884,0.0019413182377663635,0.0038049837460220723,0.2022641509433962,0.06314415294596797,0.0028238923673765595,0.0055348290400580565,53,19,34
telltail-opt,setup2,0.5,50,50,threshold_hit_rate,12,50,500,0.657433962264151,0.07501578938368934,0.0033548080889547285,0.006575423854351268,0.6967368421052631,0.1133062094185511,0.005067207730654144,0.00993172715208212,0.6354705882352941,0.06558697848200795,0.002933138846491715,0.005748952139123761,0.2092830188679245,0.06345391667735273,0.002837745422583366,0.005561981028263397,0.3828301886792453,0.04543016575837054,0.0020316987772959964,0.003982129603500153,0.4078867924528302,0.04238429829713762,0.001895483443420566,0.003715147549104309,0.2092830188679245,0.06345391667735273,0.002837745422583366,0.005561981028263397,53,19,34
telltail-opt,setup2,0.5,50,50,threshold_hit_rate,15,50,500,0.5953584905660377,0.05455344333637993,0.002439704154136569,0.0047818201421076754,0.6085263157894738,0.08452760419248974,0.0037801893789920654,0.007409171182824448,0.588,0.046400858217283465,0.0020751094637635106,0.004067214548976481,0.25966037735849057,0.048892270365674846,0.002186528802238949,0.0042855964523883395,0.3631320754716982,0.038398741445932735,0.0017172439224708831,0.0033657980880429307,0.3772075471698113,0.029766588290332796,0.0013312022975086675,0.0026091565031169882,0.25966037735849057,0.048892270365674846,0.002186528802238949,0.0042855964523883395,53,19,34
telltail-opt,setup2,0.5,50,50,threshold_hit_rate,18,50,190,0.6325719960278054,0.035929839180911805,0.002606624499602367,0.005108984019220639,0.659279778393352,0.07650720873554258,0.005550416289984536,0.01087881592836969,0.6176470588235293,0.019373010197242236,0.0014054658791238315,0.0027547131230827096,0.20903674280039725,0.038910919593560606,0.002822894803506853,0.0055328738148734315,0.39473684210526316,0.03366859683846016,0.002442576738083187,0.004787450406643047,0.3962264150943397,0.012427968805778032,0.0009016196205700047,0.001767174456317209,0.20903674280039725,0.038910919593560606,0.002822894803506853,0.0055328738148734315,53,19,34
telltail-opt,setup2,0.5,50,50,threshold_hit_rate,20,50,1,0.6226415094339622,0.0,0.0,0.0,0.631578947368421,0.0,0.0,0.0,0.6176470588235294,0.0,0.0,0.0,0.20754716981132076,0.0,0.0,0.0,0.39622641509433965,0.0,0.0,0.0,0.39622641509433965,0.0,0.0,0.0,0.20754716981132076,0.0,0.0,0.0,53,19,34
