query_id,query_text,passage_id,passage_text,selection_mode
949092,when is  the most expensive time  to go to punta cana,1027387,"If you get a doctor that is a pain doctor, you will have more success. The meds that have helped me have been Tylox, Dilaudid, Fentanyl Patch, and even Vicodin helped at times. The two strongest are Dilaudid and Fentanyl. Dilaudid is actually many times stronger than morphine, but not as strong as Fentanyl.",random
410021,is fentanyl or dilaudid stronger,315872,"Damascus is the second largest city in Syria, with a population of 1,711,000 (estimate, 2009). It holds the record as the oldest continually inhabited city in the world â there is evidence of human habitation in Damascus dating back to 9,000BC. Syria is urbanizing rapidly.amascus is the second largest city in Syria, with a population of 1,711,000 (estimate, 2009). It holds the record as the oldest continually inhabited city in the world â there is evidence of human habitation in Damascus dating back to 9,000BC. Syria is urbanizing rapidly.",random
291894,how many people are living in Damascus now,5847330,"The nicotine lozenge (NicoretteÂ® Lozenge) releases a controlled amount of nicotine as it dissolves in the mouth. Over a 12-week treatment plan, the number of lozenges you use each day is slowly decreased, which gradually weans your body off nicotine. The nicotine lozenge can help alleviate several effects of nicotine withdrawal that people may experience as they stop smoking cigarettes.",random
178829,effects of nicotine lozenges on the body,2328514,"Bath, MI. Sponsored Topics. Bath is an unincorporated community in Bath Township, Clinton County in the U.S. state of Michigan. It is situated just north of exit 92 off Interstate 69, about 5 miles (8.0 km) north of East Lansing.",random
977756,where is bath michigan located,2093080,"All eukaryotic cells have within them a variety of different structures called organelles. Organelles are small and function much like organs function in a large organism.Some organelles are responsible for gathering cell energy, others for controlling cell activities.he Cytoplasm is the gel-like substance that fills the cell outside the nucleus. All of the cell's organelles are held and located within the cytoplasm. There are many different chemicals, nucleic acids, and other substances that the cell needs can be found there also.",random
567990,what are the cell organelles,1923348,"Long Answer: A sporangium is a structure in which spores are formed. Plants, fungi, and some o â¦ ther organisms form sporangia. When most people see a sporocarp they call this a mushroom or toadstool. This fleshy fruiting body is only the visible part of the living organism that is popular for eating.",random
504565,structure that produces spores in fungi,1253460,"The coracle is a small, roundish shaped, lightweight boat of the sort traditionally used in Wales but also in parts of Western and South West England, Ireland (particularly the River Boyne), and Scotland (particularly the River Spey); the word is also used of similar boats found in India, Vietnam, Iraq and Tibet.",random
55014,boat whistle made in india,5817194,Store in a cool dry place â do not store above 25Â°C and do not refrigerate or freeze. Do not use gentamicin after the expiry date (which is stated on the outer packaging â the expiry date refers to the last day of that month). Once diluted with sodium chloride 0.9% use immediately.tore in a cool dry place â do not store above 25Â°C and do not refrigerate or freeze. Do not use gentamicin after the expiry date (which is stated on the outer packaging â the expiry date refers to the last day of that month). Once diluted with sodium chloride 0.9% use immediately.,random
174113,does wilsons gentamicin sol need to be refrigerated,955790,"Finger Family (sometimes called Daddy Finger) is one of the popular nursery rhymes about fingers with a family on it that features Daddy Finger as the thumb/first finger, Mommy Finger as the second finger, Brother Finger as the third finger, Sister Finger as the fourth finger and Baby Finger as the fifth finger.",random
737282,what is daddy fingers for kids,5079981,"Close Gallery. Zoom Picture. New York.â Punta Cana has been named one of the most expensive travel destinations for this summer, according to a list by TripAdvisor, which analyzed the cost of a one nightâs stay abroad that includes cocktails, dinner, and a short taxi ride.",random
895708,what size refrigerator to fit apartment,1982106,"The best initial antibiotic choice is thought to be a macrolide. Macrolides provide the best coverage for the most likely organisms in community-acquired bacterial pneumonia (CAP). Macrolides have effective coverage for gram-positive, Legionella, and Mycoplasma organisms. Azithromycin administered intravenously is an alternative to intravenous erythromycin.",random
975793,where in the ocean does the spiny lobster live,1468732,Maternity Benefit. Introduction. Maternity Benefit is a payment made to women who are on maternity leave from work and covered by social insurance (PRSI). You should apply for the payment 6 weeks before you intend to go on maternity leave (12 weeks if you are self-employed).,random
554048,what antibiotics treat bacterial pneumonia,3821468,"Dogs can die of bloat within several hours. Even with treatment, as many as 25-33% of dogs with GDV die. The gastric dilatation is one part of the condition and the volvulus or torsion is the second part. In bloat (dilatation), due to a number of different and sometimes unknown reasons, the stomach fills up with air and puts pressure on the other organs and diaphragm.",random
445979,maternity benefits,6917024,Life and Death in Japanese is çæ­» which is read seishi.The Japanese word seishi means Life and Death and also translates as the Buddhist concept Samsara (cycle of death and rebirth) and is composed of the kanji (read sei) meaning life; birth and (read shi) meaning death; die.,random
750054,what is gastric bloat,3185175,"February 04, 2013. Henrietta Lacks died of cervical cancer in 1951 at age 31. But her cells live on to this day, from a tissue sample her doctor took. Ms. Lacksâs cells, it seems, were determined to live forever.",random
432831,japanese word for death,4628048,"Renville County is a county located in the U.S. state of Minnesota. As of the 2010 census, the population was 15,730. Its county seat is Olivia.",random
866717,what kind of cancer did henrietta lacks have,6792762,Italian Translation. SYSTRAN delivers instant Italian translation whatever your needs may be. Translate a document in Italian or understand a foreign language Web page in Italian with the free Italian translator.,random
596858,"what co. is renville, mn in?",5450570,Update on UK phone numbers. Hello â update on UK information you provide: The UK General 0117 919 1100 number just has a message telling you to go to 0844 499 5555 for AOL Broadband Services. This works and will link you to the cancellation service.,random
523982,translation for italian language,3149868,There are basically three different types of apartment size refrigerators based on capacity: The smallest one is the compact cube refrigerator (1.5 to 2.7 cu ft). The next is the compact refrigerator with a capacity of 3.5 to 6 cu ft.,random
19677,aol cancellation phone number,2771762,"Panulirus argus, the Caribbean spiny lobster, is a species of spiny lobster that lives on reefs and in mangrove swamps in the western Atlantic Ocean.ther common names for the species in the United States include spiny lobster, Bermuda spiny lobster, common spiny lobster, crawfish, Florida spiny lobster, West Indian langouste and West Indian spiny lobster.",random
